LSOAcode,burglary_count,LAname,IMDscore,IMDrank,IMDdeci,incscore,LSOAname,pop
E01004766,27,Bolton,30.687,7694,3,0.18,Bolton 005A,1596
E01004767,33,Bolton,24.997,10776,4,0.134,Bolton 005B,1673
E01004768,11,Bolton,7.028,28288,9,0.036,Bolton 001A,1607
E01004769,10,Bolton,10.019,24505,8,0.043,Bolton 003A,1535
E01004770,13,Bolton,11.437,22815,7,0.059,Bolton 003B,1457
E01004771,21,Bolton,5.833,29639,10,0.034,Bolton 003C,1647
E01004772,8,Bolton,34.074,6242,2,0.233,Bolton 005C,1735
E01004773,25,Bolton,13.745,20211,7,0.098,Bolton 003D,1971
E01004774,14,Bolton,31.354,7377,3,0.2,Bolton 005D,1677
E01004775,30,Bolton,12.812,21251,7,0.05,Bolton 014A,1509
E01004776,21,Bolton,22.479,12402,4,0.129,Bolton 031A,1811
E01004777,13,Bolton,31.728,7187,3,0.185,Bolton 004A,1599
E01004778,9,Bolton,8.945,25859,8,0.06,Bolton 009A,1182
E01004779,10,Bolton,19.636,14679,5,0.131,Bolton 007A,1562
E01004780,22,Bolton,9.426,25234,8,0.058,Bolton 009B,1990
E01004781,32,Bolton,12.787,21281,7,0.081,Bolton 007B,1825
E01004782,14,Bolton,24.964,10788,4,0.153,Bolton 009C,1116
E01004783,11,Bolton,14.407,19530,6,0.082,Bolton 009D,1492
E01004784,11,Bolton,8.416,26540,9,0.037,Bolton 006A,1262
E01004785,18,Bolton,25.123,10688,4,0.151,Bolton 006B,1422
E01004786,11,Bolton,13.546,20437,7,0.074,Bolton 006C,1451
E01004787,23,Bolton,67.018,401,1,0.435,Bolton 013A,1617
E01004788,14,Bolton,6.331,29064,9,0.036,Bolton 002A,1392
E01004789,12,Bolton,8.413,26544,9,0.036,Bolton 006D,1407
E01004790,19,Bolton,15.653,18283,6,0.074,Bolton 002B,1433
E01004791,9,Bolton,9.547,25063,8,0.068,Bolton 006E,1231
E01004792,13,Bolton,5.601,29903,10,0.027,Bolton 006F,1462
E01004793,12,Bolton,50.299,2135,1,0.291,Bolton 013B,1613
E01004794,15,Bolton,63.88,599,1,0.433,Bolton 013C,1788
E01004795,23,Bolton,45.227,3014,1,0.231,Bolton 013D,1483
E01004796,30,Bolton,29.999,8023,3,0.133,Bolton 019A,1493
E01004797,11,Bolton,53.253,1684,1,0.315,Bolton 013E,1371
E01004798,22,Bolton,38.934,4592,2,0.192,Bolton 019B,1657
E01004799,5,Bolton,12.804,21263,7,0.075,Bolton 019C,1319
E01004800,8,Bolton,14.858,19060,6,0.066,Bolton 019D,1305
E01004801,15,Bolton,61.511,786,1,0.369,Bolton 019E,1643
E01004802,13,Bolton,59.1,996,1,0.403,Bolton 010A,1815
E01004803,17,Bolton,6.094,29345,9,0.036,Bolton 001B,1638
E01004804,21,Bolton,4.181,31328,10,0.027,Bolton 001C,1452
E01004805,6,Bolton,5.801,29671,10,0.045,Bolton 002C,1634
E01004806,18,Bolton,7.755,27358,9,0.051,Bolton 002D,1510
E01004807,6,Bolton,6.603,28777,9,0.041,Bolton 001D,1453
E01004808,14,Bolton,4.565,30937,10,0.031,Bolton 001E,1641
E01004809,19,Bolton,20.899,13632,5,0.123,Bolton 003E,1761
E01004810,17,Bolton,7.551,27629,9,0.053,Bolton 002E,1600
E01004811,44,Bolton,55.169,1441,1,0.316,Bolton 022A,1563
E01004812,26,Bolton,44.707,3116,1,0.276,Bolton 022B,1876
E01004813,24,Bolton,40.255,4195,2,0.273,Bolton 022C,1400
E01004814,30,Bolton,43.679,3321,2,0.268,Bolton 027A,1464
E01004815,28,Bolton,35.416,5745,2,0.208,Bolton 022D,1582
E01004816,16,Bolton,30.94,7584,3,0.234,Bolton 029A,1589
E01004817,93,Bolton,37.614,5003,2,0.211,Bolton 022E,1571
E01004818,30,Bolton,53.115,1707,1,0.302,Bolton 017A,1592
E01004819,17,Bolton,31.871,7130,3,0.182,Bolton 017B,1520
E01004820,24,Bolton,63.537,624,1,0.386,Bolton 011A,1608
E01004822,20,Bolton,62.134,737,1,0.419,Bolton 016B,1687
E01004823,41,Bolton,76.792,65,1,0.475,Bolton 016C,1734
E01004824,8,Bolton,42.687,3545,2,0.296,Bolton 005E,1738
E01004825,17,Bolton,57.576,1158,1,0.359,Bolton 011B,1655
E01004826,24,Bolton,53.87,1618,1,0.349,Bolton 011C,1592
E01004827,34,Bolton,47.136,2635,1,0.289,Bolton 021A,1629
E01004828,24,Bolton,45.163,3027,1,0.294,Bolton 023A,1820
E01004829,22,Bolton,46.595,2738,1,0.338,Bolton 023B,1371
E01004830,34,Bolton,47.672,2539,1,0.28,Bolton 026A,1557
E01004831,18,Bolton,23.278,11862,4,0.12,Bolton 026B,1634
E01004832,17,Bolton,27.567,9257,3,0.176,Bolton 023C,1539
E01004833,27,Bolton,20.739,13742,5,0.089,Bolton 026C,1533
E01004834,37,Bolton,30.676,7700,3,0.181,Bolton 018A,1624
E01004835,25,Bolton,10.159,24299,8,0.063,Bolton 020A,1486
E01004836,43,Bolton,13.804,20147,7,0.092,Bolton 020B,1493
E01004837,23,Bolton,7.487,27707,9,0.042,Bolton 020C,1625
E01004838,42,Bolton,40.755,4041,2,0.262,Bolton 018B,1672
E01004839,44,Bolton,56.04,1348,1,0.356,Bolton 026D,1981
E01004840,26,Bolton,21.516,13167,5,0.114,Bolton 012A,1646
E01004841,8,Bolton,66.979,402,1,0.431,Bolton 012B,1717
E01004842,19,Bolton,6.123,29313,9,0.04,Bolton 012C,1699
E01004843,26,Bolton,7.239,28022,9,0.048,Bolton 018C,1512
E01004844,25,Bolton,5.505,30022,10,0.024,Bolton 020D,1583
E01004845,23,Bolton,11.855,22333,7,0.087,Bolton 018D,1721
E01004846,9,Bolton,42.525,3589,2,0.276,Bolton 025A,1278
E01004847,9,Bolton,42.042,3709,2,0.316,Bolton 025B,2018
E01004848,57,Bolton,59.211,986,1,0.341,Bolton 016D,1700
E01004849,11,Bolton,42.457,3604,2,0.328,Bolton 021B,1743
E01004850,19,Bolton,57.855,1127,1,0.369,Bolton 021C,1754
E01004851,12,Bolton,51.383,1972,1,0.364,Bolton 021D,1558
E01004852,14,Bolton,43.13,3444,2,0.335,Bolton 025C,1618
E01004853,6,Bolton,45.554,2949,1,0.336,Bolton 021E,1612
E01004854,3,Bolton,32.073,7060,3,0.236,Bolton 023D,1540
E01004855,26,Bolton,43.537,3350,2,0.245,Bolton 027B,1485
E01004856,22,Bolton,54.775,1493,1,0.305,Bolton 027C,1428
E01004857,32,Bolton,49.611,2244,1,0.303,Bolton 027D,1515
E01004858,17,Bolton,43.23,3418,2,0.262,Bolton 032A,1604
E01004859,81,Bolton,60.687,859,1,0.329,Bolton 032B,1464
E01004860,40,Bolton,35.787,5612,2,0.186,Bolton 032C,1488
E01004861,23,Bolton,57.311,1178,1,0.351,Bolton 033A,1666
E01004862,9,Bolton,57.959,1116,1,0.329,Bolton 033B,1378
E01004863,26,Bolton,60.821,849,1,0.359,Bolton 033C,1543
E01004864,11,Bolton,21.299,13319,5,0.109,Bolton 008A,1554
E01004865,36,Bolton,41.613,3838,2,0.253,Bolton 011D,1346
E01004866,29,Bolton,62.337,718,1,0.381,Bolton 011E,1744
E01004867,35,Bolton,39.655,4367,2,0.195,Bolton 008B,1523
E01004868,20,Bolton,43.185,3431,2,0.29,Bolton 015A,1692
E01004869,39,Bolton,60.628,862,1,0.346,Bolton 015B,1691
E01004870,58,Bolton,51.523,1948,1,0.278,Bolton 015C,1902
E01004871,21,Bolton,42.158,3674,2,0.264,Bolton 015D,1643
E01004872,18,Bolton,35.848,5593,2,0.201,Bolton 029B,1560
E01004873,26,Bolton,42.562,3578,2,0.272,Bolton 029C,1768
E01004874,16,Bolton,30.384,7849,3,0.198,Bolton 033D,1808
E01004875,18,Bolton,28.832,8584,3,0.147,Bolton 029D,1592
E01004876,21,Bolton,46.229,2814,1,0.3,Bolton 033E,1870
E01004877,13,Bolton,59.061,1001,1,0.415,Bolton 025D,1799
E01004878,18,Bolton,29.933,8053,3,0.167,Bolton 023E,1473
E01004879,7,Bolton,47.196,2619,1,0.356,Bolton 025E,1464
E01004880,21,Bolton,15.865,18066,6,0.091,Bolton 029E,1336
E01004881,14,Bolton,42.253,3659,2,0.235,Bolton 004B,1429
E01004882,11,Bolton,19.433,14877,5,0.093,Bolton 007C,1364
E01004883,12,Bolton,19.871,14458,5,0.102,Bolton 007D,1433
E01004884,15,Bolton,7.196,28068,9,0.032,Bolton 007E,1465
E01004885,11,Bolton,4.689,30818,10,0.019,Bolton 014B,1372
E01004886,21,Bolton,37.946,4888,2,0.224,Bolton 014C,1379
E01004887,10,Bolton,34.864,5940,2,0.206,Bolton 014D,1415
E01004888,2,Bolton,19.665,14655,5,0.126,Bolton 004C,1321
E01004889,5,Bolton,30.292,7892,3,0.189,Bolton 004D,1431
E01004890,21,Bolton,22.643,12290,4,0.098,Bolton 004E,1406
E01004891,9,Bolton,11.798,22406,7,0.067,Bolton 028A,1590
E01004892,29,Bolton,12.298,21836,7,0.051,Bolton 030A,1531
E01004893,9,Bolton,6.014,29453,9,0.04,Bolton 028B,1529
E01004894,15,Bolton,18.327,15843,5,0.105,Bolton 028C,1839
E01004895,8,Bolton,34.501,6061,2,0.214,Bolton 031B,1327
E01004896,9,Bolton,12.047,22119,7,0.052,Bolton 030B,1352
E01004897,13,Bolton,10.536,23847,8,0.047,Bolton 020E,1087
E01004899,15,Bolton,20.617,13838,5,0.112,Bolton 030C,1545
E01004900,29,Bolton,14.85,19070,6,0.106,Bolton 030D,1604
E01004901,21,Bolton,4.315,31202,10,0.033,Bolton 028E,1809
E01004902,42,Bolton,35.797,5610,2,0.207,Bolton 032D,1681
E01004903,10,Bolton,9.335,25338,8,0.046,Bolton 034A,1472
E01004904,10,Bolton,14.081,19876,7,0.083,Bolton 034B,1628
E01004905,11,Bolton,29.39,8306,3,0.179,Bolton 034C,1608
E01004906,22,Bolton,39.929,4282,2,0.206,Bolton 032E,1678
E01004907,4,Bolton,37.698,4971,2,0.228,Bolton 034D,1301
E01004908,6,Bolton,19.758,14576,5,0.118,Bolton 034E,1347
E01004909,6,Bolton,32.109,7048,3,0.162,Bolton 034F,1417
E01004910,10,Bolton,15.226,18706,6,0.087,Bolton 034G,2106
E01004911,18,Bolton,39.261,4496,2,0.219,Bolton 024A,1569
E01004912,19,Bolton,16.1,17848,6,0.095,Bolton 024B,1444
E01004913,15,Bolton,22.316,12524,4,0.125,Bolton 024C,1967
E01004914,11,Bolton,13.381,20644,7,0.072,Bolton 024D,1193
E01004915,11,Bolton,12.187,21956,7,0.043,Bolton 024E,1341
E01004916,12,Bolton,29.677,8173,3,0.181,Bolton 024F,1463
E01004917,26,Bolton,27.178,9485,3,0.15,Bolton 019F,2056
E01004918,14,Bolton,9.518,25097,8,0.053,Bolton 024G,1302
E01004919,29,Bolton,14.269,19669,6,0.075,Bolton 012D,1502
E01004920,13,Bolton,25.922,10239,4,0.166,Bolton 012E,1582
E01004921,31,Bolton,27.321,9399,3,0.139,Bolton 008C,1558
E01004922,24,Bolton,37.134,5170,2,0.249,Bolton 015E,1740
E01004923,10,Bolton,25.352,10539,4,0.139,Bolton 018E,1590
E01004924,14,Bolton,6.558,28827,9,0.041,Bolton 008D,1538
E01004925,17,Bolton,16.821,17161,6,0.086,Bolton 008E,1513
E01004926,8,Bolton,56.642,1265,1,0.351,Bolton 010B,1304
E01004927,24,Bolton,52.253,1837,1,0.318,Bolton 010C,2078
E01004928,28,Bolton,47.883,2502,1,0.261,Bolton 017C,1409
E01004929,19,Bolton,36.343,5417,2,0.213,Bolton 010D,1973
E01004930,6,Bolton,17.017,16971,6,0.086,Bolton 017D,1512
E01004931,23,Bolton,36.979,5220,2,0.232,Bolton 017E,1587
E01004932,24,Bolton,32.56,6855,3,0.174,Bolton 017F,1542
E01004933,8,Bolton,12.306,21823,7,0.082,Bolton 035A,1333
E01004934,10,Bolton,20.624,13828,5,0.148,Bolton 035B,1518
E01004935,11,Bolton,10.85,23495,8,0.066,Bolton 035C,1769
E01004936,18,Bolton,17.766,16344,5,0.092,Bolton 031C,2020
E01004937,6,Bolton,8.353,26625,9,0.05,Bolton 035D,1522
E01004938,8,Bolton,40.877,4009,2,0.268,Bolton 031D,1492
E01004939,11,Bolton,28.274,8892,3,0.187,Bolton 031E,1516
E01004940,5,Bolton,13.973,19984,7,0.087,Bolton 035E,1456
E01004941,7,Bury,28.99,8496,3,0.201,Bury 021A,1797
E01004942,12,Bury,50.761,2065,1,0.372,Bury 021B,1531
E01004943,7,Bury,23.615,11619,4,0.17,Bury 021C,1638
E01004944,4,Bury,8.694,26177,8,0.05,Bury 021D,1620
E01004945,5,Bury,14.328,19609,6,0.084,Bury 017A,1558
E01004946,5,Bury,54.905,1478,1,0.333,Bury 021E,1632
E01004947,11,Bury,32.397,6923,3,0.191,Bury 009A,1427
E01004948,23,Bury,47.351,2599,1,0.24,Bury 009B,1863
E01004949,5,Bury,4.285,31233,10,0.029,Bury 010A,1470
E01004950,7,Bury,4.94,30560,10,0.035,Bury 010B,1510
E01004951,7,Bury,5.539,29980,10,0.044,Bury 010C,1579
E01004952,14,Bury,5.778,29702,10,0.035,Bury 010D,1377
E01004953,11,Bury,9.385,25281,8,0.059,Bury 010E,1492
E01004954,19,Bury,21.963,12804,4,0.122,Bury 007A,1458
E01004955,21,Bury,32.209,7001,3,0.181,Bury 007B,1352
E01004956,51,Bury,41.879,3760,2,0.233,Bury 007C,1529
E01004957,39,Bury,62.147,734,1,0.367,Bury 007D,1755
E01004958,42,Bury,51.844,1891,1,0.29,Bury 008A,1405
E01004959,26,Bury,41.704,3809,2,0.239,Bury 008B,1666
E01004960,31,Bury,77.703,50,1,0.545,Bury 007E,1532
E01004961,14,Bury,24.875,10840,4,0.167,Bury 005A,1546
E01004962,14,Bury,17.153,16859,6,0.092,Bury 009C,1673
E01004963,4,Bury,15.039,18890,6,0.102,Bury 006A,1472
E01004964,15,Bury,27.913,9090,3,0.132,Bury 009D,1847
E01004965,12,Bury,6.982,28350,9,0.045,Bury 005B,1229
E01004966,18,Bury,34.44,6086,2,0.252,Bury 005C,1784
E01004967,4,Bury,5.533,29986,10,0.039,Bury 005D,1283
E01004968,6,Bury,7.727,27393,9,0.044,Bury 006B,1578
E01004969,18,Bury,41.068,3957,2,0.161,Bury 022A,1470
E01004970,11,Bury,11.264,23035,8,0.08,Bury 022B,1574
E01004971,4,Bury,9.157,25593,8,0.056,Bury 022C,1520
E01004972,4,Bury,33.846,6326,2,0.257,Bury 023A,1493
E01004973,21,Bury,15.423,18526,6,0.096,Bury 023B,1529
E01004974,20,Bury,13.279,20755,7,0.088,Bury 024A,1427
E01004975,6,Bury,20.728,13751,5,0.142,Bury 023C,1530
E01004976,13,Bury,34.945,5905,2,0.211,Bury 004A,1548
E01004977,19,Bury,20.754,13725,5,0.115,Bury 004B,1713
E01004978,14,Bury,28.011,9027,3,0.166,Bury 004C,1691
E01004979,21,Bury,57.33,1177,1,0.336,Bury 008C,1552
E01004980,24,Bury,42.216,3666,2,0.258,Bury 008D,1296
E01004981,30,Bury,19.95,14392,5,0.093,Bury 004D,1453
E01004982,18,Bury,11.245,23062,8,0.061,Bury 004E,1450
E01004983,11,Bury,21.365,13258,5,0.145,Bury 020A,1294
E01004984,6,Bury,8.976,25822,8,0.088,Bury 019A,1361
E01004985,9,Bury,8.311,26680,9,0.041,Bury 019B,1441
E01004986,15,Bury,23.851,11465,4,0.154,Bury 020B,1641
E01004987,17,Bury,57.188,1200,1,0.342,Bury 020C,1201
E01004988,7,Bury,20.437,13985,5,0.126,Bury 020D,1438
E01004989,19,Bury,8.384,26575,9,0.061,Bury 019C,1457
E01004990,13,Bury,34.875,5936,2,0.201,Bury 016A,1520
E01004991,30,Bury,24.412,11118,4,0.136,Bury 015A,1420
E01004992,18,Bury,30.901,7603,3,0.174,Bury 015B,1486
E01004993,15,Bury,29.223,8388,3,0.222,Bury 015C,1408
E01004994,17,Bury,38.742,4650,2,0.243,Bury 015D,1314
E01004995,8,Bury,12.469,21647,7,0.07,Bury 018A,1539
E01004996,18,Bury,52.843,1742,1,0.286,Bury 016B,1446
E01004997,33,Bury,21.44,13218,5,0.116,Bury 014A,1562
E01004998,17,Bury,17.412,16622,6,0.077,Bury 014B,1459
E01004999,8,Bury,15.648,18295,6,0.087,Bury 014C,1480
E01005000,26,Bury,9.592,25015,8,0.051,Bury 012A,1556
E01005001,13,Bury,9.49,25137,8,0.054,Bury 012B,1341
E01005002,10,Bury,17.908,16208,5,0.099,Bury 014D,1588
E01005003,10,Bury,36.88,5241,2,0.243,Bury 014E,1459
E01005004,21,Bury,67.478,372,1,0.39,Bury 016C,1459
E01005005,12,Bury,12.311,21819,7,0.07,Bury 012C,1403
E01005006,17,Bury,21.673,13017,4,0.134,Bury 012D,1518
E01005007,18,Bury,14.866,19047,6,0.086,Bury 019D,1469
E01005008,43,Bury,43.658,3325,2,0.279,Bury 016D,1885
E01005009,42,Bury,50.411,2114,1,0.291,Bury 016E,1484
E01005010,20,Bury,15.958,17989,6,0.071,Bury 018B,1620
E01005011,9,Bury,10.777,23568,8,0.053,Bury 019E,1382
E01005012,26,Bury,27.847,9123,3,0.199,Bury 018C,1726
E01005013,23,Bury,30.751,7674,3,0.214,Bury 018D,2395
E01005014,40,Bury,14.149,19788,7,0.078,Bury 001A,1460
E01005015,28,Bury,28.562,8727,3,0.209,Bury 001B,1524
E01005016,20,Bury,11.885,22300,7,0.058,Bury 001C,1518
E01005017,27,Bury,10.295,24144,8,0.063,Bury 001D,1735
E01005018,7,Bury,17.753,16356,5,0.104,Bury 001E,1511
E01005019,20,Bury,7.566,27609,9,0.048,Bury 002A,1504
E01005020,3,Bury,4.105,31406,10,0.023,Bury 003A,1466
E01005021,5,Bury,5.195,30328,10,0.035,Bury 001F,1235
E01005022,27,Bury,5.918,29555,9,0.037,Bury 003B,1601
E01005023,9,Bury,12.045,22122,7,0.083,Bury 002B,1307
E01005024,58,Bury,57.192,1199,1,0.316,Bury 008E,1458
E01005025,27,Bury,24.881,10836,4,0.151,Bury 011A,1493
E01005026,7,Bury,32.392,6925,3,0.198,Bury 008F,1653
E01005027,64,Bury,37.833,4929,2,0.224,Bury 011B,1781
E01005028,16,Bury,40.335,4173,2,0.258,Bury 011C,1870
E01005029,16,Bury,26.027,10181,4,0.153,Bury 011D,1865
E01005030,28,Bury,42.818,3520,2,0.267,Bury 013A,1592
E01005031,9,Bury,31.323,7390,3,0.219,Bury 025A,1467
E01005032,11,Bury,42.618,3560,2,0.262,Bury 025B,1257
E01005033,17,Bury,13.788,20168,7,0.073,Bury 024B,1529
E01005034,14,Bury,29.942,8050,3,0.15,Bury 022D,1453
E01005035,17,Bury,23.32,11837,4,0.093,Bury 025C,1401
E01005036,35,Bury,27.201,9470,3,0.183,Bury 024C,1825
E01005037,21,Bury,16.044,17903,6,0.088,Bury 024D,1426
E01005038,11,Bury,8.255,26753,9,0.046,Bury 025D,1351
E01005039,9,Bury,33.07,6638,3,0.235,Bury 023D,1488
E01005040,22,Bury,18.126,16031,5,0.123,Bury 026A,1824
E01005041,19,Bury,14.248,19693,6,0.114,Bury 026B,1620
E01005042,12,Bury,13.663,20305,7,0.092,Bury 026C,1899
E01005043,7,Bury,10.469,23916,8,0.067,Bury 026D,1883
E01005044,13,Bury,17.869,16252,5,0.082,Bury 026E,1810
E01005045,17,Bury,22.11,12690,4,0.146,Bury 023E,1603
E01005046,19,Bury,4.497,31017,10,0.036,Bury 002C,1431
E01005047,14,Bury,8.568,26337,9,0.035,Bury 003C,1469
E01005048,20,Bury,2.58,32455,10,0.02,Bury 002D,1674
E01005049,15,Bury,8.658,26224,8,0.065,Bury 003D,1696
E01005050,11,Bury,9.274,25423,8,0.073,Bury 006C,2042
E01005051,2,Bury,11.842,22352,7,0.083,Bury 003E,1578
E01005052,3,Bury,6.987,28342,9,0.038,Bury 006D,1464
E01005053,6,Bury,16.402,17560,6,0.092,Bury 006E,1530
E01005054,16,Bury,15.35,18590,6,0.095,Bury 013B,1500
E01005055,8,Bury,7.881,27211,9,0.061,Bury 017B,1495
E01005056,12,Bury,12.381,21738,7,0.071,Bury 017C,1255
E01005057,6,Bury,14.699,19232,6,0.114,Bury 017D,1557
E01005058,7,Bury,10.345,24086,8,0.056,Bury 017E,1333
E01005059,34,Bury,27.703,9198,3,0.178,Bury 013C,1716
E01005060,20,Bury,16.51,17457,6,0.106,Bury 013D,1672
E01005061,27,Manchester,62.256,724,1,0.451,Manchester 018A,1653
E01005062,34,Manchester,23.458,11725,4,0.11,Manchester 018B,2895
E01005063,6,Manchester,58.123,1101,1,0.362,Manchester 018C,1488
E01005065,44,Manchester,51.244,1994,1,0.303,Manchester 018D,2224
E01005066,16,Manchester,37.187,5152,2,0.204,Manchester 018E,1708
E01005067,35,Manchester,70.425,263,1,0.363,Manchester 020A,1366
E01005068,11,Manchester,53.113,1708,1,0.296,Manchester 051A,1580
E01005069,14,Manchester,16.903,17074,6,0.08,Manchester 047A,1450
E01005070,21,Manchester,49.364,2275,1,0.296,Manchester 051B,1682
E01005071,8,Manchester,43.263,3410,2,0.245,Manchester 048A,1591
E01005072,11,Manchester,42.407,3619,2,0.239,Manchester 048B,1708
E01005073,25,Manchester,25.953,10218,4,0.117,Manchester 048C,1497
E01005074,13,Manchester,52.718,1764,1,0.327,Manchester 051C,1521
E01005075,14,Manchester,45.574,2944,1,0.264,Manchester 051D,1389
E01005076,18,Manchester,20.263,14112,5,0.074,Manchester 039A,1475
E01005077,32,Manchester,57.607,1154,1,0.368,Manchester 042A,1567
E01005078,29,Manchester,14.393,19549,6,0.06,Manchester 042B,1443
E01005079,25,Manchester,31.459,7315,3,0.167,Manchester 042C,1563
E01005081,15,Manchester,54.226,1557,1,0.32,Manchester 039C,1777
E01005082,22,Manchester,45.191,3023,1,0.269,Manchester 037A,1549
E01005083,19,Manchester,14.126,19819,7,0.058,Manchester 039D,1705
E01005084,20,Manchester,26.239,10022,4,0.171,Manchester 042D,2014
E01005085,9,Manchester,55.84,1370,1,0.342,Manchester 049A,1576
E01005086,26,Manchester,66.007,463,1,0.377,Manchester 049B,1810
E01005087,14,Manchester,62.278,722,1,0.37,Manchester 050A,2084
E01005088,11,Manchester,72.174,189,1,0.442,Manchester 050B,1709
E01005089,16,Manchester,68.892,312,1,0.404,Manchester 049C,1903
E01005090,22,Manchester,73.349,142,1,0.428,Manchester 050C,1600
E01005091,20,Manchester,50.476,2104,1,0.315,Manchester 050D,2158
E01005092,73,Manchester,63.131,653,1,0.357,Manchester 015A,1628
E01005093,25,Manchester,61.183,821,1,0.355,Manchester 012A,1732
E01005094,46,Manchester,61.288,808,1,0.342,Manchester 012B,1467
E01005097,15,Manchester,64.268,572,1,0.409,Manchester 012C,1733
E01005098,15,Manchester,56.791,1245,1,0.318,Manchester 001A,1525
E01005099,22,Manchester,65.054,514,1,0.398,Manchester 001B,1829
E01005100,8,Manchester,41.788,3788,2,0.266,Manchester 001C,1588
E01005101,13,Manchester,52.25,1838,1,0.29,Manchester 002A,1716
E01005102,19,Manchester,32.183,7009,3,0.169,Manchester 001D,1360
E01005103,14,Manchester,58.472,1065,1,0.369,Manchester 001E,1636
E01005104,13,Manchester,46.046,2842,1,0.281,Manchester 004A,1787
E01005105,53,Manchester,38.129,4832,2,0.233,Manchester 015C,1958
E01005106,41,Manchester,52.538,1799,1,0.324,Manchester 015D,1887
E01005107,13,Manchester,59.049,1003,1,0.317,Manchester 015E,1803
E01005108,34,Manchester,54.018,1593,1,0.347,Manchester 017A,2607
E01005111,8,Manchester,35.758,5619,2,0.208,Manchester 047B,1409
E01005112,8,Manchester,44.626,3130,1,0.259,Manchester 048D,1654
E01005113,16,Manchester,57.644,1148,1,0.299,Manchester 047C,1573
E01005114,11,Manchester,17.23,16790,6,0.096,Manchester 047D,1751
E01005115,14,Manchester,31.636,7234,3,0.186,Manchester 044A,1872
E01005116,25,Manchester,28.085,8987,3,0.162,Manchester 047E,1957
E01005117,19,Manchester,56.446,1293,1,0.315,Manchester 048E,2059
E01005118,25,Manchester,27.777,9160,3,0.129,Manchester 034A,1503
E01005119,16,Manchester,47.863,2505,1,0.264,Manchester 041A,1531
E01005120,40,Manchester,28.95,8514,3,0.178,Manchester 034B,1848
E01005121,13,Manchester,50.859,2046,1,0.296,Manchester 041B,1597
E01005122,29,Manchester,42.493,3597,2,0.287,Manchester 041C,1678
E01005123,38,Manchester,56.6,1270,1,0.32,Manchester 041D,1702
E01005124,21,Manchester,47.399,2592,1,0.295,Manchester 041E,1740
E01005125,27,Manchester,41.816,3777,2,0.271,Manchester 040A,1596
E01005126,25,Manchester,24.248,11219,4,0.155,Manchester 045A,2034
E01005128,44,Manchester,27.842,9126,3,0.009,Manchester 055A,1711
E01005129,15,Manchester,60.047,919,1,0.339,Manchester 013B,1468
E01005130,15,Manchester,68.324,335,1,0.375,Manchester 054A,1477
E01005132,25,Manchester,67.227,385,1,0.355,Manchester 013C,1485
E01005133,30,Manchester,65.609,487,1,0.337,Manchester 013D,1275
E01005135,15,Manchester,56.359,1305,1,0.361,Manchester 002B,1628
E01005136,10,Manchester,44.513,3159,1,0.216,Manchester 002C,1505
E01005138,29,Manchester,73.414,140,1,0.416,Manchester 002D,1754
E01005139,12,Manchester,32.161,7020,3,0.185,Manchester 003B,1729
E01005140,40,Manchester,38.971,4578,2,0.213,Manchester 002E,2774
E01005141,20,Manchester,71.241,223,1,0.388,Manchester 003C,1736
E01005142,25,Manchester,67.29,381,1,0.442,Manchester 058A,1911
E01005143,17,Manchester,44.631,3128,1,0.319,Manchester 056A,2580
E01005145,16,Manchester,33.365,6521,2,0.247,Manchester 008A,2698
E01005146,25,Manchester,38.102,4841,2,0.221,Manchester 008B,2354
E01005147,26,Manchester,49.26,2288,1,0.329,Manchester 058B,2529
E01005149,16,Manchester,30.785,7656,3,0.229,Manchester 008C,1748
E01005150,25,Manchester,26.297,9992,4,0.102,Manchester 029A,1864
E01005151,10,Manchester,22.144,12663,4,0.123,Manchester 029B,1478
E01005152,20,Manchester,12.086,22064,7,0.047,Manchester 029C,1459
E01005153,15,Manchester,19.119,15142,5,0.094,Manchester 037B,1660
E01005154,24,Manchester,17.125,16876,6,0.059,Manchester 033A,1578
E01005155,16,Manchester,9.583,25023,8,0.04,Manchester 037C,1412
E01005156,17,Manchester,14.553,19392,6,0.034,Manchester 033B,1499
E01005157,10,Manchester,8.147,26894,9,0.034,Manchester 037D,1596
E01005158,18,Manchester,33.122,6619,3,0.179,Manchester 033C,1516
E01005159,17,Manchester,15.003,18913,6,0.079,Manchester 029D,1588
E01005160,30,Manchester,33.376,6518,2,0.17,Manchester 004B,1767
E01005161,9,Manchester,29.328,8341,3,0.19,Manchester 004C,1562
E01005162,12,Manchester,31.554,7262,3,0.195,Manchester 004D,1704
E01005163,42,Manchester,35.442,5738,2,0.204,Manchester 004E,1654
E01005164,16,Manchester,47.147,2631,1,0.283,Manchester 006A,1578
E01005165,50,Manchester,54.283,1550,1,0.298,Manchester 008D,2107
E01005166,34,Manchester,52.348,1825,1,0.308,Manchester 008E,1869
E01005167,35,Manchester,44.468,3171,1,0.261,Manchester 008F,1985
E01005168,30,Manchester,18.905,15323,5,0.07,Manchester 045B,1387
E01005169,20,Manchester,10.281,24162,8,0.042,Manchester 045C,1367
E01005170,30,Manchester,12.246,21889,7,0.075,Manchester 045D,1531
E01005171,25,Manchester,30.61,7736,3,0.101,Manchester 045E,1697
E01005172,35,Manchester,16.295,17660,6,0.068,Manchester 043A,1594
E01005173,34,Manchester,11.65,22586,7,0.045,Manchester 043B,1548
E01005174,43,Manchester,9.246,25466,8,0.03,Manchester 043C,1575
E01005175,26,Manchester,20.506,13928,5,0.092,Manchester 043D,1605
E01005176,57,Manchester,16.205,17748,6,0.066,Manchester 043E,1805
E01005177,41,Manchester,14.628,19308,6,0.064,Manchester 043F,1338
E01005178,28,Manchester,38.937,4589,2,0.232,Manchester 030A,1973
E01005179,25,Manchester,29.603,8197,3,0.158,Manchester 030B,2236
E01005180,31,Manchester,52.266,1835,1,0.291,Manchester 030C,1837
E01005181,16,Manchester,28.985,8502,3,0.194,Manchester 030D,2138
E01005182,14,Manchester,39.421,4451,2,0.273,Manchester 030E,1614
E01005183,24,Manchester,53.878,1617,1,0.349,Manchester 030F,1781
E01005184,73,Manchester,23.871,11452,4,0.108,Manchester 032A,2122
E01005185,48,Manchester,23.364,11792,4,0.023,Manchester 032B,4036
E01005186,36,Manchester,51.482,1954,1,0.29,Manchester 020B,2359
E01005187,37,Manchester,49.127,2302,1,0.312,Manchester 021A,1935
E01005188,30,Manchester,42.431,3610,2,0.224,Manchester 021B,1712
E01005189,44,Manchester,66.578,429,1,0.369,Manchester 017D,1686
E01005190,61,Manchester,48.8,2356,1,0.26,Manchester 017E,2018
E01005191,40,Manchester,54.735,1499,1,0.313,Manchester 021C,1661
E01005192,46,Manchester,44.788,3101,1,0.241,Manchester 021D,1584
E01005193,19,Manchester,38.916,4600,2,0.195,Manchester 021E,1795
E01005194,27,Manchester,46.404,2778,1,0.291,Manchester 027A,2580
E01005195,42,Manchester,59.023,1009,1,0.352,Manchester 023A,1984
E01005196,26,Manchester,45.653,2919,1,0.285,Manchester 023B,2367
E01005197,44,Manchester,61.165,822,1,0.345,Manchester 023C,1569
E01005198,31,Manchester,51.9,1889,1,0.311,Manchester 023D,1575
E01005199,12,Manchester,38.657,4679,2,0.236,Manchester 027B,2264
E01005200,29,Manchester,39.75,4338,2,0.205,Manchester 027C,1837
E01005201,74,Manchester,54.271,1552,1,0.349,Manchester 023E,2011
E01005202,42,Manchester,77.768,49,1,0.473,Manchester 009A,1780
E01005203,32,Manchester,75.035,100,1,0.444,Manchester 009B,1907
E01005205,40,Manchester,68.922,311,1,0.394,Manchester 006B,1988
E01005206,13,Manchester,41.67,3822,2,0.204,Manchester 006C,1689
E01005207,22,Manchester,42.353,3633,2,0.267,Manchester 006D,1913
E01005208,38,Manchester,22.867,12142,4,0.111,Manchester 019A,2338
E01005209,44,Manchester,36.387,5401,2,0.166,Manchester 019B,2711
E01005210,18,Manchester,28.539,8745,3,0.114,Manchester 019C,3245
E01005212,29,Manchester,28.495,8768,3,0.153,Manchester 057A,2120
E01005213,37,Manchester,56.778,1247,1,0.344,Manchester 059A,2179
E01005214,47,Manchester,22.629,12301,4,0.122,Manchester 019D,2279
E01005215,25,Manchester,28.715,8642,3,0.193,Manchester 034C,2007
E01005216,17,Manchester,27.632,9230,3,0.133,Manchester 034D,1529
E01005217,36,Manchester,23.206,11929,4,0.141,Manchester 034E,1909
E01005218,29,Manchester,29.214,8394,3,0.159,Manchester 034F,1680
E01005219,33,Manchester,45.909,2867,1,0.23,Manchester 031A,2068
E01005220,21,Manchester,41.89,3755,2,0.206,Manchester 031B,1850
E01005221,36,Manchester,36.122,5487,2,0.18,Manchester 031C,2249
E01005222,30,Manchester,42.895,3498,2,0.256,Manchester 031D,2103
E01005223,50,Manchester,43.913,3272,1,0.257,Manchester 007A,1235
E01005224,54,Manchester,41.966,3736,2,0.246,Manchester 007B,1822
E01005225,32,Manchester,52.35,1824,1,0.301,Manchester 007C,1839
E01005226,27,Manchester,44.843,3085,1,0.273,Manchester 007D,1605
E01005227,39,Manchester,57.597,1155,1,0.321,Manchester 009D,1692
E01005228,28,Manchester,69.965,278,1,0.398,Manchester 009E,1692
E01005229,8,Manchester,19.807,14521,5,0.097,Manchester 007E,1537
E01005230,71,Manchester,46.806,2693,1,0.239,Manchester 022B,2073
E01005231,105,Manchester,23.273,11869,4,0.085,Manchester 022C,2628
E01005232,30,Manchester,44.073,3239,1,0.289,Manchester 020C,1873
E01005233,19,Manchester,42.049,3706,2,0.274,Manchester 027D,2404
E01005234,31,Manchester,46.204,2821,1,0.288,Manchester 027E,2044
E01005235,35,Manchester,52.631,1779,1,0.316,Manchester 020D,1756
E01005236,84,Manchester,43.953,3265,1,0.239,Manchester 022D,2073
E01005237,13,Manchester,40.543,4095,2,0.249,Manchester 022E,1991
E01005238,16,Manchester,41.445,3868,2,0.257,Manchester 027F,2112
E01005239,31,Manchester,58.28,1086,1,0.387,Manchester 020E,1773
E01005240,27,Manchester,49.761,2216,1,0.343,Manchester 024A,2627
E01005241,49,Manchester,30.344,7872,3,0.177,Manchester 025A,2424
E01005242,14,Manchester,46.624,2730,1,0.343,Manchester 025B,2591
E01005243,28,Manchester,52.565,1792,1,0.376,Manchester 024B,2455
E01005244,46,Manchester,29.599,8203,3,0.158,Manchester 025C,2944
E01005245,21,Manchester,56.313,1308,1,0.419,Manchester 024C,2398
E01005246,13,Manchester,60.487,876,1,0.478,Manchester 024D,2126
E01005247,8,Manchester,24.667,10970,4,0.134,Manchester 005A,1450
E01005248,15,Manchester,22.542,12360,4,0.107,Manchester 005B,1369
E01005249,24,Manchester,31.737,7182,3,0.166,Manchester 005C,1838
E01005250,21,Manchester,43.227,3419,2,0.265,Manchester 005D,1776
E01005251,22,Manchester,47.119,2639,1,0.302,Manchester 003D,1602
E01005252,15,Manchester,53.284,1681,1,0.31,Manchester 003E,1827
E01005253,4,Manchester,53.968,1601,1,0.322,Manchester 005E,1586
E01005254,20,Manchester,22.153,12660,4,0.115,Manchester 005F,1597
E01005255,18,Manchester,72.236,183,1,0.411,Manchester 012D,1609
E01005256,53,Manchester,57.118,1207,1,0.323,Manchester 011A,1992
E01005257,48,Manchester,71.224,224,1,0.402,Manchester 011B,1798
E01005258,12,Manchester,49.631,2237,1,0.279,Manchester 011C,1700
E01005259,34,Manchester,72.603,169,1,0.424,Manchester 011D,1608
E01005260,21,Manchester,33.608,6416,2,0.147,Manchester 011E,1497
E01005261,15,Manchester,71.336,219,1,0.411,Manchester 012E,1654
E01005262,23,Manchester,34.435,6090,2,0.206,Manchester 044B,1842
E01005263,35,Manchester,40.299,4181,2,0.211,Manchester 046A,1619
E01005264,24,Manchester,50.122,2158,1,0.285,Manchester 044C,1537
E01005265,10,Manchester,44.246,3217,1,0.284,Manchester 044D,1691
E01005266,12,Manchester,49.262,2287,1,0.27,Manchester 044E,1948
E01005267,30,Manchester,28.174,8934,3,0.109,Manchester 046B,1549
E01005268,36,Manchester,21.139,13449,5,0.1,Manchester 046C,2016
E01005269,21,Manchester,20.252,14125,5,0.094,Manchester 046D,1475
E01005270,25,Manchester,47.817,2511,1,0.296,Manchester 035A,1748
E01005271,65,Manchester,26.883,9660,3,0.098,Manchester 032C,2102
E01005272,36,Manchester,52.608,1783,1,0.307,Manchester 035B,1798
E01005273,35,Manchester,31.094,7500,3,0.115,Manchester 035C,1557
E01005274,50,Manchester,40.466,4123,2,0.212,Manchester 038A,1764
E01005275,28,Manchester,17.22,16803,6,0.073,Manchester 038B,1694
E01005276,33,Manchester,23.694,11580,4,0.078,Manchester 038C,1598
E01005277,41,Manchester,9.015,25774,8,0.047,Manchester 038D,1728
E01005278,21,Manchester,26.922,9632,3,0.142,Manchester 035D,1837
E01005279,30,Manchester,39.541,4402,2,0.267,Manchester 035E,2036
E01005280,19,Manchester,41.149,3933,2,0.296,Manchester 026A,1929
E01005281,18,Manchester,22.725,12237,4,0.084,Manchester 026B,2241
E01005282,22,Manchester,33.714,6368,2,0.2,Manchester 032D,1853
E01005283,45,Manchester,17.005,16988,6,0.049,Manchester 032E,1479
E01005284,74,Manchester,28.566,8725,3,0.058,Manchester 026C,3441
E01005285,26,Manchester,60.211,903,1,0.36,Manchester 025D,1298
E01005286,72,Manchester,29.326,8342,3,0.11,Manchester 026D,2172
E01005287,14,Manchester,56.472,1288,1,0.344,Manchester 026E,2132
E01005288,55,Manchester,45.133,3032,1,0.249,Manchester 025E,1734
E01005289,14,Manchester,64.222,576,1,0.366,Manchester 049D,1446
E01005290,16,Manchester,56.023,1351,1,0.29,Manchester 052A,1547
E01005291,17,Manchester,61.348,799,1,0.338,Manchester 050E,1446
E01005292,5,Manchester,56.613,1268,1,0.313,Manchester 052B,1483
E01005293,9,Manchester,25.112,10694,4,0.107,Manchester 052C,1229
E01005294,23,Manchester,27.375,9359,3,0.117,Manchester 052D,1490
E01005295,26,Manchester,23.014,12039,4,0.135,Manchester 049E,2441
E01005296,11,Manchester,20.304,14078,5,0.126,Manchester 029E,1707
E01005297,24,Manchester,32.624,6827,3,0.224,Manchester 028A,2440
E01005298,11,Manchester,24.837,10866,4,0.2,Manchester 028B,1840
E01005299,11,Manchester,22.974,12075,4,0.16,Manchester 029F,1597
E01005300,15,Manchester,24.591,11014,4,0.143,Manchester 033D,1564
E01005301,16,Manchester,21.181,13417,5,0.103,Manchester 033E,1604
E01005302,17,Manchester,31.722,7192,3,0.185,Manchester 028C,1841
E01005304,32,Manchester,21.292,13325,5,0.086,Manchester 040B,1803
E01005305,43,Manchester,19.466,14853,5,0.101,Manchester 036A,1794
E01005306,27,Manchester,14.988,18925,6,0.056,Manchester 040C,1539
E01005307,59,Manchester,14.713,19215,6,0.066,Manchester 040D,1966
E01005308,28,Manchester,35.632,5664,2,0.204,Manchester 040E,1697
E01005309,58,Manchester,26.698,9763,3,0.063,Manchester 036B,2289
E01005310,47,Manchester,32.665,6808,3,0.155,Manchester 036C,1858
E01005311,77,Manchester,22.405,12456,4,0.117,Manchester 036D,1776
E01005312,86,Manchester,28,9032,3,0.106,Manchester 036E,1808
E01005313,7,Manchester,53.604,1655,1,0.303,Manchester 053A,1493
E01005314,10,Manchester,50.019,2173,1,0.292,Manchester 053B,1572
E01005315,7,Manchester,53.027,1722,1,0.295,Manchester 053C,1504
E01005316,29,Manchester,32.552,6861,3,0.18,Manchester 053D,1612
E01005317,19,Manchester,47.513,2567,1,0.265,Manchester 052E,1649
E01005318,8,Manchester,42.525,3590,2,0.229,Manchester 053E,1871
E01005319,10,Manchester,45.47,2978,1,0.26,Manchester 051E,2128
E01005320,21,Oldham,45.732,2902,1,0.266,Oldham 024A,1924
E01005321,17,Oldham,57.157,1202,1,0.298,Oldham 022A,1615
E01005322,16,Oldham,72.124,191,1,0.388,Oldham 029A,1262
E01005323,8,Oldham,40.988,3979,2,0.238,Oldham 029B,1398
E01005324,13,Oldham,50.41,2116,1,0.279,Oldham 029C,1472
E01005325,25,Oldham,66.915,407,1,0.392,Oldham 029D,1007
E01005326,11,Oldham,34.328,6132,2,0.214,Oldham 022B,3018
E01005327,21,Oldham,23.135,11968,4,0.138,Oldham 017A,1922
E01005328,28,Oldham,51.362,1977,1,0.281,Oldham 017B,1364
E01005329,9,Oldham,10.621,23750,8,0.064,Oldham 015A,1528
E01005330,23,Oldham,11.319,22966,7,0.046,Oldham 015B,1566
E01005331,13,Oldham,27.959,9054,3,0.182,Oldham 017C,1547
E01005332,30,Oldham,30.48,7799,3,0.174,Oldham 028A,2304
E01005333,12,Oldham,8.342,26647,9,0.058,Oldham 015C,1273
E01005334,12,Oldham,7.148,28131,9,0.033,Oldham 017D,1514
E01005335,9,Oldham,10.233,24226,8,0.047,Oldham 010A,1288
E01005336,11,Oldham,9.47,25169,8,0.045,Oldham 015D,1576
E01005337,11,Oldham,39.347,4470,2,0.255,Oldham 010B,1967
E01005338,45,Oldham,45.013,3057,1,0.272,Oldham 017E,1793
E01005339,12,Oldham,10.671,23688,8,0.028,Oldham 010C,1462
E01005340,23,Oldham,44.716,3113,1,0.251,Oldham 010D,1440
E01005341,9,Oldham,27.055,9556,3,0.13,Oldham 028B,1458
E01005342,16,Oldham,49.776,2215,1,0.261,Oldham 027A,1333
E01005343,6,Oldham,39.165,4518,2,0.218,Oldham 027B,1396
E01005344,14,Oldham,44.628,3129,1,0.248,Oldham 027C,1501
E01005345,13,Oldham,16.53,17439,6,0.08,Oldham 028C,1509
E01005346,25,Oldham,23.368,11788,4,0.107,Oldham 028D,1426
E01005347,12,Oldham,21.506,13170,5,0.1,Oldham 028E,1344
E01005348,17,Oldham,50.909,2037,1,0.351,Oldham 014A,1654
E01005349,12,Oldham,46.541,2746,1,0.321,Oldham 016A,2438
E01005350,54,Oldham,75.624,86,1,0.532,Oldham 014B,2012
E01005351,14,Oldham,41.961,3737,2,0.304,Oldham 016B,1999
E01005352,14,Oldham,54.646,1509,1,0.363,Oldham 016C,1452
E01005353,34,Oldham,64.361,568,1,0.398,Oldham 016D,1921
E01005354,17,Oldham,35.423,5740,2,0.272,Oldham 016E,1777
E01005355,13,Oldham,26.78,9715,3,0.118,Oldham 005A,1509
E01005356,12,Oldham,15.542,18402,6,0.071,Oldham 005B,1335
E01005357,5,Oldham,10.399,24018,8,0.064,Oldham 001A,1422
E01005358,13,Oldham,31.456,7319,3,0.222,Oldham 001B,1643
E01005359,19,Oldham,12.152,21986,7,0.06,Oldham 001C,1591
E01005360,8,Oldham,28.832,8585,3,0.153,Oldham 001D,1401
E01005361,16,Oldham,13.087,20962,7,0.071,Oldham 003A,1695
E01005362,19,Oldham,23.029,12034,4,0.093,Oldham 031A,1462
E01005363,33,Oldham,32.313,6962,3,0.168,Oldham 032A,1540
E01005364,15,Oldham,16.61,17356,6,0.078,Oldham 031B,1672
E01005365,25,Oldham,15.619,18328,6,0.053,Oldham 033A,1456
E01005366,14,Oldham,37.135,5169,2,0.22,Oldham 033B,1508
E01005367,17,Oldham,11.592,22653,7,0.056,Oldham 033C,1478
E01005368,45,Oldham,40.158,4218,2,0.21,Oldham 031C,1546
E01005369,30,Oldham,41.604,3840,2,0.236,Oldham 032B,1495
E01005370,43,Oldham,50.672,2083,1,0.261,Oldham 032C,1434
E01005371,21,Oldham,43.104,3451,2,0.208,Oldham 032D,1334
E01005372,24,Oldham,32.309,6964,3,0.192,Oldham 034A,1194
E01005373,7,Oldham,12.532,21571,7,0.062,Oldham 034B,1199
E01005374,10,Oldham,28.457,8791,3,0.169,Oldham 034C,1441
E01005375,7,Oldham,12.845,21217,7,0.065,Oldham 034D,1468
E01005376,21,Oldham,47.175,2624,1,0.282,Oldham 031D,1291
E01005377,24,Oldham,64.915,524,1,0.396,Oldham 030A,1327
E01005378,27,Oldham,35.716,5631,2,0.205,Oldham 031E,1495
E01005379,6,Oldham,56.362,1303,1,0.339,Oldham 030B,1274
E01005380,11,Oldham,50.895,2039,1,0.336,Oldham 030C,1510
E01005381,24,Oldham,53.441,1668,1,0.298,Oldham 027D,1508
E01005382,20,Oldham,56.193,1330,1,0.296,Oldham 030D,1454
E01005383,16,Oldham,45.393,2984,1,0.294,Oldham 026A,1977
E01005386,19,Oldham,64.436,562,1,0.358,Oldham 026D,1394
E01005387,11,Oldham,16.821,17160,6,0.11,Oldham 018A,1432
E01005388,8,Oldham,20.356,14041,5,0.108,Oldham 018B,1354
E01005389,40,Oldham,47.37,2597,1,0.279,Oldham 018C,1658
E01005390,8,Oldham,15.46,18486,6,0.068,Oldham 004A,1515
E01005391,12,Oldham,22.597,12323,4,0.115,Oldham 008A,1595
E01005392,46,Oldham,41.804,3781,2,0.232,Oldham 008B,1482
E01005393,12,Oldham,13.302,20733,7,0.064,Oldham 008C,1271
E01005394,14,Oldham,15.163,18747,6,0.07,Oldham 004B,1542
E01005395,2,Oldham,15.778,18161,6,0.074,Oldham 004C,1439
E01005396,12,Oldham,21.19,13407,5,0.112,Oldham 004D,1483
E01005397,21,Oldham,21.883,12856,4,0.1,Oldham 009A,1451
E01005398,12,Oldham,21.362,13262,5,0.093,Oldham 009B,1547
E01005399,3,Oldham,15.819,18121,6,0.074,Oldham 005C,1594
E01005400,18,Oldham,42.253,3658,2,0.231,Oldham 009C,1503
E01005401,8,Oldham,11.674,22557,7,0.046,Oldham 008D,1653
E01005402,19,Oldham,21.33,13289,5,0.11,Oldham 009D,1533
E01005403,6,Oldham,15.561,18386,6,0.07,Oldham 005D,1683
E01005406,24,Oldham,7.963,27103,9,0.034,Oldham 021A,1412
E01005407,10,Oldham,8.095,26952,9,0.032,Oldham 013A,1707
E01005408,12,Oldham,7.449,27745,9,0.053,Oldham 020C,1775
E01005409,24,Oldham,9.539,25072,8,0.033,Oldham 020D,1662
E01005410,9,Oldham,8.053,27011,9,0.039,Oldham 006A,1549
E01005411,18,Oldham,10.166,24294,8,0.079,Oldham 006B,1548
E01005412,19,Oldham,6.963,28377,9,0.045,Oldham 013B,1692
E01005413,15,Oldham,6.069,29371,9,0.033,Oldham 021B,1665
E01005414,14,Oldham,12.962,21087,7,0.039,Oldham 006C,1297
E01005415,12,Oldham,13.78,20180,7,0.094,Oldham 006D,1142
E01005416,9,Oldham,9.101,25651,8,0.052,Oldham 013C,1386
E01005417,5,Oldham,9.851,24694,8,0.05,Oldham 013D,1461
E01005418,7,Oldham,8.544,26366,9,0.037,Oldham 018D,1514
E01005419,7,Oldham,10.015,24510,8,0.062,Oldham 021C,1502
E01005420,8,Oldham,18.46,15730,5,0.142,Oldham 021D,1673
E01005421,38,Oldham,35.984,5546,2,0.219,Oldham 011A,1705
E01005422,16,Oldham,56.69,1260,1,0.327,Oldham 011B,1510
E01005427,7,Oldham,56.077,1346,1,0.417,Oldham 022C,2041
E01005428,21,Oldham,53.274,1682,1,0.328,Oldham 019A,1749
E01005429,7,Oldham,54.185,1564,1,0.362,Oldham 022D,1828
E01005430,12,Oldham,44.553,3144,1,0.259,Oldham 022E,2415
E01005431,25,Oldham,36.314,5428,2,0.203,Oldham 019B,1723
E01005432,29,Oldham,72.323,181,1,0.414,Oldham 014C,1502
E01005433,54,Oldham,73.896,129,1,0.433,Oldham 014D,1521
E01005434,85,Oldham,64.512,556,1,0.341,Oldham 024B,1345
E01005435,30,Oldham,38.722,4653,2,0.248,Oldham 035A,1930
E01005436,5,Oldham,21.628,13062,4,0.124,Oldham 035B,1702
E01005437,12,Oldham,33.054,6643,3,0.195,Oldham 024C,1919
E01005438,53,Oldham,39.06,4552,2,0.222,Oldham 029E,2333
E01005439,19,Oldham,24.217,11236,4,0.124,Oldham 030E,1521
E01005440,19,Oldham,28.761,8620,3,0.166,Oldham 033D,1335
E01005441,17,Oldham,40,4258,2,0.218,Oldham 002A,1584
E01005442,7,Oldham,9.148,25601,8,0.042,Oldham 002B,1404
E01005443,8,Oldham,9.713,24868,8,0.039,Oldham 003B,1397
E01005444,10,Oldham,24.506,11061,4,0.145,Oldham 002C,1513
E01005445,25,Oldham,32.779,6769,3,0.195,Oldham 002D,1543
E01005446,19,Oldham,23.857,11462,4,0.127,Oldham 003C,1395
E01005447,45,Oldham,48.091,2471,1,0.251,Oldham 003D,1611
E01005448,27,Oldham,69.837,283,1,0.368,Oldham 012A,1476
E01005449,8,Oldham,42.107,3689,2,0.253,Oldham 012B,1214
E01005450,18,Oldham,41.528,3852,2,0.228,Oldham 019C,1681
E01005451,12,Oldham,24.079,11338,4,0.146,Oldham 019D,1340
E01005452,11,Oldham,12.39,21723,7,0.08,Oldham 007C,1371
E01005453,7,Oldham,9.82,24733,8,0.052,Oldham 007D,1322
E01005454,5,Oldham,18.374,15814,5,0.102,Oldham 012C,1452
E01005455,9,Oldham,19.947,14395,5,0.11,Oldham 012D,1590
E01005456,19,Oldham,62.369,716,1,0.333,Oldham 012E,1589
E01005459,38,Oldham,58.548,1057,1,0.377,Oldham 024D,1361
E01005460,43,Oldham,39.939,4278,2,0.265,Oldham 035C,2363
E01005461,22,Oldham,46.269,2806,1,0.318,Oldham 035D,2384
E01005462,11,Oldham,35.44,5739,2,0.243,Oldham 035E,1860
E01005463,22,Oldham,50.26,2140,1,0.314,Oldham 035F,1128
E01005464,17,Rochdale,52.046,1865,1,0.329,Rochdale 016A,1754
E01005465,29,Rochdale,29.03,8480,3,0.165,Rochdale 016B,1715
E01005466,20,Rochdale,66.643,424,1,0.414,Rochdale 016C,2320
E01005467,12,Rochdale,57.277,1185,1,0.33,Rochdale 016D,1728
E01005468,24,Rochdale,12.556,21545,7,0.045,Rochdale 016E,1542
E01005469,35,Rochdale,27.713,9190,3,0.151,Rochdale 012A,1807
E01005470,7,Rochdale,42.015,3716,2,0.297,Rochdale 015A,1777
E01005471,17,Rochdale,37.456,5064,2,0.23,Rochdale 015B,1617
E01005472,31,Rochdale,46.725,2709,1,0.306,Rochdale 010A,1559
E01005473,22,Rochdale,42.769,3526,2,0.274,Rochdale 010B,1522
E01005474,10,Rochdale,28.267,8895,3,0.154,Rochdale 011A,1288
E01005475,23,Rochdale,47.04,2655,1,0.317,Rochdale 015C,1671
E01005476,12,Rochdale,27.659,9217,3,0.146,Rochdale 017A,1638
E01005477,25,Rochdale,45.618,2929,1,0.247,Rochdale 017B,1682
E01005478,26,Rochdale,27.566,9260,3,0.141,Rochdale 017C,1586
E01005479,24,Rochdale,31.972,7095,3,0.154,Rochdale 017D,1761
E01005480,27,Rochdale,32.566,6853,3,0.183,Rochdale 017E,1622
E01005481,18,Rochdale,28.092,8980,3,0.17,Rochdale 017F,1721
E01005482,126,Rochdale,79.3,31,1,0.512,Rochdale 010C,2070
E01005483,20,Rochdale,71.698,205,1,0.444,Rochdale 010D,1906
E01005484,36,Rochdale,66.441,437,1,0.435,Rochdale 010E,2131
E01005485,24,Rochdale,59.359,969,1,0.349,Rochdale 015D,2164
E01005486,25,Rochdale,53.609,1654,1,0.317,Rochdale 010F,1613
E01005487,33,Rochdale,45.052,3050,1,0.285,Rochdale 010G,1724
E01005488,10,Rochdale,9.84,24714,8,0.046,Rochdale 006A,1594
E01005489,17,Rochdale,19.846,14475,5,0.112,Rochdale 005A,1185
E01005490,8,Rochdale,44.671,3122,1,0.273,Rochdale 005B,1522
E01005491,11,Rochdale,24.198,11255,4,0.155,Rochdale 005C,1468
E01005492,5,Rochdale,13.849,20100,7,0.069,Rochdale 006B,1557
E01005493,12,Rochdale,11.247,23059,8,0.056,Rochdale 005D,1604
E01005494,17,Rochdale,21.634,13056,4,0.118,Rochdale 005E,1754
E01005495,22,Rochdale,27.475,9311,3,0.134,Rochdale 005F,1659
E01005496,11,Rochdale,53.997,1596,1,0.315,Rochdale 009A,1365
E01005497,21,Rochdale,57.393,1173,1,0.392,Rochdale 018A,1579
E01005498,14,Rochdale,32.664,6809,3,0.153,Rochdale 020A,1472
E01005499,25,Rochdale,23.725,11558,4,0.104,Rochdale 006C,1487
E01005500,16,Rochdale,26.142,10089,4,0.152,Rochdale 020B,1606
E01005501,65,Rochdale,56.677,1261,1,0.316,Rochdale 018B,1563
E01005502,23,Rochdale,43.898,3276,1,0.225,Rochdale 018C,1545
E01005503,26,Rochdale,11.105,23206,8,0.047,Rochdale 020C,1314
E01005504,40,Rochdale,37.221,5138,2,0.195,Rochdale 018D,1511
E01005505,13,Rochdale,32.858,6728,3,0.165,Rochdale 018E,1710
E01005506,12,Rochdale,30.094,7983,3,0.17,Rochdale 020D,1588
E01005507,23,Rochdale,19.825,14506,5,0.115,Rochdale 020E,1575
E01005508,17,Rochdale,9.186,25558,8,0.043,Rochdale 020F,1866
E01005509,26,Rochdale,63.824,605,1,0.306,Rochdale 018F,1802
E01005510,17,Rochdale,11.978,22202,7,0.06,Rochdale 019A,1145
E01005511,7,Rochdale,24.401,11123,4,0.129,Rochdale 019B,1252
E01005512,18,Rochdale,33.731,6361,2,0.187,Rochdale 019C,1536
E01005513,6,Rochdale,59.204,990,1,0.325,Rochdale 019D,1339
E01005514,19,Rochdale,33.895,6312,2,0.209,Rochdale 019E,1518
E01005515,21,Rochdale,51.606,1932,1,0.33,Rochdale 019F,1708
E01005516,4,Rochdale,13.154,20884,7,0.075,Rochdale 003A,1410
E01005517,9,Rochdale,10.714,23639,8,0.061,Rochdale 003B,1500
E01005518,18,Rochdale,30.91,7597,3,0.171,Rochdale 001A,1423
E01005519,4,Rochdale,14.693,19238,6,0.074,Rochdale 002A,1557
E01005520,11,Rochdale,19.667,14653,5,0.108,Rochdale 001B,1760
E01005521,10,Rochdale,20.734,13747,5,0.082,Rochdale 003C,1424
E01005522,26,Rochdale,32.253,6986,3,0.159,Rochdale 001C,1348
E01005523,10,Rochdale,16.35,17603,6,0.087,Rochdale 001D,1930
E01005524,5,Rochdale,28.585,8718,3,0.182,Rochdale 021A,1492
E01005525,19,Rochdale,52.222,1843,1,0.317,Rochdale 021B,1609
E01005526,14,Rochdale,34.432,6093,2,0.2,Rochdale 021C,1592
E01005527,13,Rochdale,59.044,1006,1,0.338,Rochdale 022A,1496
E01005528,14,Rochdale,35.236,5814,2,0.187,Rochdale 021D,1501
E01005529,16,Rochdale,50.579,2096,1,0.295,Rochdale 022B,1618
E01005530,16,Rochdale,11.466,22781,7,0.054,Rochdale 025A,1430
E01005531,6,Rochdale,26.668,9782,3,0.127,Rochdale 025B,1165
E01005532,13,Rochdale,52.653,1775,1,0.294,Rochdale 025C,1434
E01005533,13,Rochdale,25.951,10220,4,0.156,Rochdale 024A,1645
E01005534,9,Rochdale,25.313,10570,4,0.161,Rochdale 023A,1495
E01005535,11,Rochdale,30.391,7848,3,0.169,Rochdale 023B,1588
E01005536,9,Rochdale,32.041,7068,3,0.2,Rochdale 021E,1607
E01005537,2,Rochdale,14.621,19320,6,0.074,Rochdale 023C,1368
E01005538,9,Rochdale,36.431,5393,2,0.241,Rochdale 023D,1514
E01005539,43,Rochdale,40.234,4202,2,0.215,Rochdale 024B,1350
E01005540,6,Rochdale,25.902,10257,4,0.114,Rochdale 023E,1336
E01005541,2,Rochdale,28.261,8897,3,0.148,Rochdale 023F,1618
E01005542,9,Rochdale,39.609,4382,2,0.23,Rochdale 023G,1330
E01005543,18,Rochdale,19.025,15218,5,0.119,Rochdale 021F,1322
E01005544,14,Rochdale,8.098,26950,9,0.048,Rochdale 025D,1467
E01005545,18,Rochdale,8.466,26465,9,0.051,Rochdale 025E,1221
E01005546,14,Rochdale,31.937,7103,3,0.169,Rochdale 024C,1238
E01005547,17,Rochdale,28.905,8542,3,0.164,Rochdale 024D,1454
E01005548,18,Rochdale,38.55,4712,2,0.192,Rochdale 024E,1285
E01005549,29,Rochdale,8.589,26312,9,0.036,Rochdale 025F,1561
E01005550,16,Rochdale,14.98,18932,6,0.065,Rochdale 025G,1413
E01005551,30,Rochdale,56.481,1287,1,0.339,Rochdale 022C,1732
E01005552,17,Rochdale,61.492,788,1,0.38,Rochdale 022D,1996
E01005553,13,Rochdale,39.847,4307,2,0.284,Rochdale 022E,1834
E01005554,25,Rochdale,29.889,8071,3,0.138,Rochdale 022F,1342
E01005555,8,Rochdale,12.091,22055,7,0.071,Rochdale 014A,1367
E01005556,22,Rochdale,17.968,16148,5,0.093,Rochdale 013A,1540
E01005557,9,Rochdale,10.279,24164,8,0.051,Rochdale 014B,1212
E01005558,17,Rochdale,23.491,11702,4,0.142,Rochdale 014C,1647
E01005559,10,Rochdale,46.658,2723,1,0.249,Rochdale 013B,1591
E01005560,12,Rochdale,17.626,16449,6,0.094,Rochdale 013C,1547
E01005561,16,Rochdale,21.486,13185,5,0.087,Rochdale 014D,1363
E01005562,9,Rochdale,25.697,10371,4,0.15,Rochdale 014E,1530
E01005563,42,Rochdale,45.86,2873,1,0.3,Rochdale 012B,1816
E01005564,34,Rochdale,56.696,1259,1,0.364,Rochdale 015E,1936
E01005565,18,Rochdale,41.701,3810,2,0.265,Rochdale 012C,1568
E01005566,34,Rochdale,35.913,5569,2,0.203,Rochdale 012D,2156
E01005567,17,Rochdale,30.478,7800,3,0.136,Rochdale 013D,1461
E01005568,39,Rochdale,72.778,159,1,0.476,Rochdale 012E,1671
E01005569,39,Rochdale,45.049,3051,1,0.28,Rochdale 012F,1635
E01005570,9,Rochdale,10.532,23854,8,0.061,Rochdale 007A,1268
E01005571,11,Rochdale,10.029,24485,8,0.057,Rochdale 006D,1558
E01005572,13,Rochdale,7.711,27413,9,0.046,Rochdale 007B,1646
E01005573,18,Rochdale,7.61,27541,9,0.044,Rochdale 007C,1501
E01005574,38,Rochdale,9.801,24755,8,0.054,Rochdale 007D,1674
E01005575,18,Rochdale,10.764,23580,8,0.066,Rochdale 011B,1637
E01005576,13,Rochdale,7.596,27564,9,0.045,Rochdale 011C,1516
E01005577,16,Rochdale,8.689,26182,8,0.054,Rochdale 011D,1479
E01005578,18,Rochdale,59.085,1000,1,0.357,Rochdale 004A,1448
E01005579,8,Rochdale,55.538,1400,1,0.336,Rochdale 004B,1669
E01005580,34,Rochdale,40.413,4138,2,0.264,Rochdale 008A,1591
E01005581,33,Rochdale,60.77,853,1,0.336,Rochdale 008B,1584
E01005583,22,Rochdale,58.337,1081,1,0.397,Rochdale 008D,1695
E01005585,14,Rochdale,46.864,2681,1,0.323,Rochdale 008F,1424
E01005586,21,Rochdale,65.87,473,1,0.371,Rochdale 004C,1530
E01005587,14,Rochdale,11.562,22683,7,0.05,Rochdale 007E,1470
E01005588,27,Rochdale,35.244,5810,2,0.189,Rochdale 007F,1371
E01005589,26,Rochdale,28.877,8561,3,0.177,Rochdale 009B,1530
E01005590,25,Rochdale,38.469,4741,2,0.211,Rochdale 009C,1653
E01005591,11,Rochdale,19.601,14714,5,0.119,Rochdale 009D,1423
E01005592,18,Rochdale,50.9,2038,1,0.303,Rochdale 009E,1601
E01005593,16,Rochdale,35.443,5737,2,0.214,Rochdale 004D,1553
E01005594,21,Rochdale,25.818,10303,4,0.145,Rochdale 002B,1452
E01005595,19,Rochdale,60.718,855,1,0.333,Rochdale 004E,1414
E01005596,22,Rochdale,17.795,16315,5,0.094,Rochdale 003D,1919
E01005597,8,Rochdale,14.105,19846,7,0.066,Rochdale 002C,1599
E01005598,9,Rochdale,9.335,25337,8,0.048,Rochdale 002D,1558
E01005599,31,Salford,48.373,2429,1,0.262,Salford 026A,1610
E01005600,11,Salford,38.148,4826,2,0.201,Salford 026B,1474
E01005601,9,Salford,54.564,1517,1,0.288,Salford 026C,1570
E01005602,7,Salford,51.4,1970,1,0.318,Salford 026D,1357
E01005603,7,Salford,33.928,6299,2,0.188,Salford 027A,1585
E01005604,8,Salford,29.956,8039,3,0.179,Salford 027B,1518
E01005605,6,Salford,33.408,6503,2,0.187,Salford 027C,1388
E01005609,47,Salford,44.558,3141,1,0.277,Salford 016A,1812
E01005610,41,Salford,71.406,217,1,0.435,Salford 022D,1268
E01005611,67,Salford,57.209,1198,1,0.317,Salford 016B,1959
E01005612,24,Salford,64.488,557,1,0.366,Salford 016C,2038
E01005613,23,Salford,61.899,755,1,0.359,Salford 016D,2291
E01005614,42,Salford,33.601,6421,2,0.143,Salford 016E,1946
E01005615,30,Salford,49.298,2285,1,0.266,Salford 016F,1948
E01005616,6,Salford,39.635,4374,2,0.219,Salford 030A,1459
E01005617,4,Salford,19.737,14592,5,0.097,Salford 030B,1536
E01005618,11,Salford,28.032,9015,3,0.168,Salford 030C,1488
E01005619,7,Salford,36.649,5328,2,0.186,Salford 030D,1304
E01005620,22,Salford,14.326,19614,6,0.082,Salford 030E,2543
E01005621,8,Salford,30.54,7773,3,0.163,Salford 030F,1652
E01005622,6,Salford,23.914,11417,4,0.135,Salford 018A,1455
E01005623,19,Salford,16.202,17751,6,0.076,Salford 018B,1266
E01005624,10,Salford,47.48,2574,1,0.305,Salford 017A,1676
E01005625,10,Salford,16.353,17600,6,0.073,Salford 015A,1333
E01005626,16,Salford,16.465,17499,6,0.086,Salford 018C,1303
E01005627,9,Salford,15.105,18819,6,0.074,Salford 015B,1181
E01005628,21,Salford,28.435,8800,3,0.121,Salford 018D,1622
E01005629,10,Salford,23.151,11953,4,0.121,Salford 021A,1315
E01005630,18,Salford,21.999,12775,4,0.148,Salford 021B,1497
E01005631,28,Salford,62.347,717,1,0.378,Salford 020A,1494
E01005632,22,Salford,23.667,11596,4,0.147,Salford 020B,2114
E01005633,6,Salford,38.554,4711,2,0.241,Salford 020C,1393
E01005634,26,Salford,8.446,26500,9,0.031,Salford 020D,1474
E01005635,13,Salford,20.948,13589,5,0.088,Salford 020E,1569
E01005636,23,Salford,18.358,15823,5,0.084,Salford 020F,1545
E01005637,11,Salford,26.209,10045,4,0.147,Salford 020G,1313
E01005638,23,Salford,51.585,1938,1,0.273,Salford 027D,1567
E01005639,8,Salford,59.403,966,1,0.344,Salford 029A,1570
E01005640,13,Salford,39.781,4329,2,0.228,Salford 029B,1460
E01005641,4,Salford,30.689,7693,3,0.18,Salford 029C,1423
E01005642,6,Salford,10.728,23627,8,0.059,Salford 029D,1231
E01005643,5,Salford,15.826,18110,6,0.097,Salford 029E,1403
E01005644,3,Salford,13.972,19985,7,0.082,Salford 029F,1587
E01005645,1,Salford,8.451,26489,9,0.059,Salford 029G,1443
E01005646,48,Salford,20.348,14045,5,0.118,Salford 010A,1579
E01005647,6,Salford,17.838,16282,5,0.105,Salford 011A,1627
E01005648,26,Salford,20.416,14002,5,0.111,Salford 011B,1831
E01005649,19,Salford,16.729,17249,6,0.112,Salford 010B,1723
E01005650,18,Salford,40.22,4207,2,0.21,Salford 010C,1589
E01005651,42,Salford,34.575,6046,2,0.183,Salford 010D,2117
E01005652,16,Salford,41.792,3786,2,0.259,Salford 011C,1400
E01005653,15,Salford,64.724,543,1,0.431,Salford 011D,1533
E01005654,13,Salford,39.559,4396,2,0.219,Salford 023A,1439
E01005655,21,Salford,54.767,1494,1,0.251,Salford 024A,1382
E01005656,10,Salford,47.185,2621,1,0.251,Salford 023B,1502
E01005657,13,Salford,54.839,1482,1,0.316,Salford 023C,1449
E01005658,18,Salford,72.41,177,1,0.403,Salford 024B,1422
E01005659,9,Salford,42.865,3507,2,0.244,Salford 001A,1442
E01005660,39,Salford,63.084,655,1,0.402,Salford 001B,1468
E01005661,16,Salford,40.817,4026,2,0.262,Salford 004A,1786
E01005662,4,Salford,59.907,926,1,0.4,Salford 004B,1522
E01005663,8,Salford,43.368,3383,2,0.28,Salford 001C,1381
E01005664,15,Salford,63.346,638,1,0.434,Salford 001D,1492
E01005665,11,Salford,71.863,201,1,0.446,Salford 001E,1475
E01005667,9,Salford,58.277,1087,1,0.358,Salford 028B,1831
E01005670,14,Salford,41.686,3816,2,0.238,Salford 005A,1662
E01005671,19,Salford,38.798,4636,2,0.221,Salford 012A,1503
E01005672,14,Salford,25.904,10254,4,0.134,Salford 005B,1370
E01005673,15,Salford,25.007,10762,4,0.134,Salford 008A,1440
E01005674,10,Salford,33.414,6498,2,0.194,Salford 012B,1446
E01005675,28,Salford,28.056,9000,3,0.116,Salford 008B,2587
E01005676,7,Salford,11.769,22438,7,0.046,Salford 005C,1276
E01005677,8,Salford,21.787,12922,4,0.123,Salford 005D,1537
E01005678,3,Salford,42.849,3510,2,0.249,Salford 008C,1524
E01005679,17,Salford,54.387,1536,1,0.314,Salford 008D,1594
E01005680,43,Salford,69.961,280,1,0.378,Salford 017B,1423
E01005681,15,Salford,52.008,1872,1,0.228,Salford 024C,1591
E01005682,11,Salford,75.302,93,1,0.469,Salford 024D,1523
E01005683,47,Salford,72.47,175,1,0.451,Salford 017C,1610
E01005686,7,Salford,31.62,7240,3,0.175,Salford 006A,1443
E01005687,12,Salford,24.442,11105,4,0.154,Salford 009A,1759
E01005688,3,Salford,20.726,13754,5,0.131,Salford 006B,1587
E01005689,10,Salford,51.746,1908,1,0.34,Salford 009B,1437
E01005690,5,Salford,25.637,10401,4,0.14,Salford 009C,1556
E01005691,6,Salford,13.413,20605,7,0.076,Salford 006C,1469
E01005692,13,Salford,51.757,1906,1,0.282,Salford 006D,1305
E01005693,4,Salford,16.19,17760,6,0.08,Salford 009D,1404
E01005694,8,Salford,15.63,18323,6,0.077,Salford 012C,1745
E01005695,25,Salford,8.458,26472,9,0.018,Salford 014A,1576
E01005696,17,Salford,22.34,12510,4,0.121,Salford 012D,1526
E01005697,9,Salford,10.99,23353,8,0.052,Salford 014B,1557
E01005698,12,Salford,55.083,1450,1,0.336,Salford 012E,1657
E01005699,8,Salford,14.676,19255,6,0.058,Salford 015C,1494
E01005700,12,Salford,26.374,9951,4,0.153,Salford 012F,1536
E01005701,14,Salford,11.742,22474,7,0.068,Salford 015D,1591
E01005702,36,Salford,33.859,6320,2,0.213,Salford 003A,2133
E01005703,14,Salford,61.202,819,1,0.358,Salford 002A,1550
E01005704,18,Salford,36.323,5425,2,0.22,Salford 002B,1404
E01005705,41,Salford,25.573,10437,4,0.143,Salford 003B,1871
E01005706,13,Salford,52.943,1732,1,0.309,Salford 002C,1485
E01005707,27,Salford,50.403,2119,1,0.264,Salford 003C,1721
E01005708,42,Salford,43.591,3341,2,0.241,Salford 002D,1494
E01005709,5,Salford,59.089,999,1,0.393,Salford 004C,1390
E01005710,14,Salford,28.833,8582,3,0.157,Salford 004D,1508
E01005711,8,Salford,20.016,14334,5,0.097,Salford 007A,1509
E01005712,17,Salford,30.773,7661,3,0.181,Salford 007B,1619
E01005713,8,Salford,9.017,25771,8,0.042,Salford 007C,1411
E01005714,23,Salford,41.286,3906,2,0.229,Salford 007D,1442
E01005715,21,Salford,13.382,20639,7,0.067,Salford 007E,1651
E01005716,22,Salford,5.422,30096,10,0.034,Salford 013A,1779
E01005717,13,Salford,5.099,30420,10,0.022,Salford 013B,1568
E01005718,39,Salford,28.212,8920,3,0.144,Salford 007F,1677
E01005719,12,Salford,31.39,7352,3,0.175,Salford 021C,1748
E01005720,44,Salford,36.542,5360,2,0.204,Salford 021D,2408
E01005721,18,Salford,44.252,3213,1,0.215,Salford 023D,1429
E01005722,10,Salford,51.116,2012,1,0.322,Salford 021E,1779
E01005723,25,Salford,50.409,2117,1,0.304,Salford 021F,1481
E01005724,11,Salford,24.197,11256,4,0.098,Salford 021G,1473
E01005725,3,Salford,54.381,1537,1,0.32,Salford 019A,1379
E01005726,17,Salford,30.592,7746,3,0.159,Salford 019B,1500
E01005727,4,Salford,27.106,9531,3,0.175,Salford 019C,1334
E01005728,3,Salford,21.701,12998,4,0.093,Salford 019D,1351
E01005729,13,Salford,71.481,214,1,0.441,Salford 025A,1313
E01005730,6,Salford,23.521,11673,4,0.115,Salford 025B,1642
E01005731,3,Salford,44.22,3223,1,0.295,Salford 025C,1600
E01005732,4,Salford,43.363,3385,2,0.242,Salford 025D,1142
E01005733,5,Salford,52.334,1826,1,0.287,Salford 019E,1371
E01005734,14,Salford,18.793,15416,5,0.136,Salford 013C,1356
E01005735,5,Salford,9.389,25272,8,0.054,Salford 013D,1387
E01005736,4,Salford,8.517,26398,9,0.048,Salford 013E,1425
E01005737,14,Salford,9.448,25203,8,0.03,Salford 013F,1503
E01005738,18,Salford,9.589,25020,8,0.026,Salford 014C,1760
E01005739,9,Salford,4.71,30793,10,0.027,Salford 013G,1535
E01005740,21,Salford,6.02,29446,9,0.034,Salford 014D,1562
E01005741,26,Salford,5.569,29947,10,0.022,Salford 014E,1636
E01005742,8,Salford,8.575,26329,9,0.054,Salford 014F,1593
E01005743,12,Stockport,19.603,14712,5,0.086,Stockport 009A,1358
E01005744,26,Stockport,37.537,5036,2,0.194,Stockport 009B,1441
E01005745,16,Stockport,20.805,13694,5,0.101,Stockport 005A,1429
E01005746,18,Stockport,56.994,1224,1,0.322,Stockport 005B,1414
E01005747,10,Stockport,10.006,24524,8,0.059,Stockport 005C,1459
E01005748,14,Stockport,6.044,29413,9,0.036,Stockport 005D,1532
E01005749,12,Stockport,13.933,20013,7,0.076,Stockport 009C,1653
E01005750,27,Stockport,21.043,13526,5,0.093,Stockport 009D,1700
E01005751,14,Stockport,26.188,10058,4,0.143,Stockport 009E,1321
E01005752,2,Stockport,30.491,7794,3,0.204,Stockport 012A,1479
E01005753,11,Stockport,61.549,781,1,0.355,Stockport 004A,1668
E01005754,19,Stockport,76.234,69,1,0.481,Stockport 004B,1799
E01005755,7,Stockport,61.599,776,1,0.353,Stockport 004C,1654
E01005756,15,Stockport,75.498,90,1,0.438,Stockport 004D,1608
E01005757,17,Stockport,32.534,6871,3,0.156,Stockport 014A,1610
E01005758,101,Stockport,72.065,193,1,0.385,Stockport 014B,1833
E01005759,12,Stockport,22.088,12711,4,0.111,Stockport 023A,1687
E01005760,10,Stockport,32.97,6686,3,0.169,Stockport 023B,1848
E01005761,8,Stockport,32.205,7003,3,0.191,Stockport 026A,1409
E01005762,12,Stockport,64.809,535,1,0.38,Stockport 026B,1594
E01005763,11,Stockport,39.541,4403,2,0.231,Stockport 026C,1696
E01005764,12,Stockport,33.377,6517,2,0.172,Stockport 016A,1649
E01005765,16,Stockport,13.351,20681,7,0.052,Stockport 018A,1395
E01005766,11,Stockport,50.643,2087,1,0.279,Stockport 014C,1448
E01005767,28,Stockport,11.459,22791,7,0.073,Stockport 028A,1484
E01005768,20,Stockport,10.562,23818,8,0.052,Stockport 025A,1635
E01005769,53,Stockport,12.728,21356,7,0.068,Stockport 022A,1338
E01005770,20,Stockport,10.339,24094,8,0.071,Stockport 025B,1431
E01005771,13,Stockport,12.816,21247,7,0.069,Stockport 025C,1378
E01005772,15,Stockport,13.571,20408,7,0.077,Stockport 028B,1465
E01005773,27,Stockport,18.046,16090,5,0.079,Stockport 028C,1522
E01005774,19,Stockport,43.56,3347,2,0.224,Stockport 028D,1401
E01005775,32,Stockport,8.954,25845,8,0.055,Stockport 025D,1568
E01005776,25,Stockport,10.237,24221,8,0.056,Stockport 028E,1573
E01005777,14,Stockport,20.219,14157,5,0.139,Stockport 034A,1485
E01005778,29,Stockport,13.576,20398,7,0.078,Stockport 022B,1471
E01005779,14,Stockport,19.485,14836,5,0.088,Stockport 022C,1422
E01005780,18,Stockport,15.89,18051,6,0.064,Stockport 022D,1467
E01005781,26,Stockport,47.243,2613,1,0.276,Stockport 022E,1534
E01005782,13,Stockport,11.228,23073,8,0.058,Stockport 030A,1218
E01005783,18,Stockport,14.17,19772,7,0.1,Stockport 030B,1539
E01005784,37,Stockport,8.811,26042,8,0.046,Stockport 030C,1426
E01005785,16,Stockport,9.224,25497,8,0.057,Stockport 030D,1537
E01005786,17,Stockport,6.881,28469,9,0.048,Stockport 030E,1589
E01005787,17,Stockport,4.082,31427,10,0.025,Stockport 034B,1299
E01005788,20,Stockport,6.592,28799,9,0.05,Stockport 034C,1529
E01005789,30,Stockport,5.095,30424,10,0.036,Stockport 039A,1560
E01005790,2,Stockport,20.574,13871,5,0.121,Stockport 034D,1227
E01005791,16,Stockport,12.519,21589,7,0.092,Stockport 039B,1543
E01005792,25,Stockport,2.451,32508,10,0.014,Stockport 041A,1463
E01005793,21,Stockport,9.243,25474,8,0.076,Stockport 039C,1428
E01005794,5,Stockport,2.841,32315,10,0.03,Stockport 041B,1241
E01005795,17,Stockport,5.077,30443,10,0.045,Stockport 039D,1292
E01005796,2,Stockport,4.107,31401,10,0.034,Stockport 039E,1264
E01005797,20,Stockport,29.538,8240,3,0.175,Stockport 023C,1373
E01005798,31,Stockport,26.854,9674,3,0.144,Stockport 027A,1575
E01005799,13,Stockport,50.84,2053,1,0.303,Stockport 026D,1807
E01005800,26,Stockport,11.999,22173,7,0.083,Stockport 023D,1627
E01005801,10,Stockport,16.294,17661,6,0.098,Stockport 027B,1496
E01005802,32,Stockport,7.432,27762,9,0.042,Stockport 027C,1536
E01005803,23,Stockport,6.016,29449,9,0.037,Stockport 027D,1488
E01005804,13,Stockport,24.288,11192,4,0.131,Stockport 023E,1197
E01005805,13,Stockport,4.945,30554,10,0.036,Stockport 035A,1568
E01005806,15,Stockport,5.995,29479,9,0.038,Stockport 033A,1218
E01005807,14,Stockport,3.933,31567,10,0.038,Stockport 035B,1573
E01005808,22,Stockport,4.598,30904,10,0.031,Stockport 037A,1365
E01005809,7,Stockport,6.627,28746,9,0.055,Stockport 037B,1266
E01005810,12,Stockport,8.368,26599,9,0.051,Stockport 037C,1564
E01005811,17,Stockport,5.732,29765,10,0.034,Stockport 037D,1401
E01005812,23,Stockport,2.84,32318,10,0.02,Stockport 037E,1287
E01005813,20,Stockport,7.209,28059,9,0.043,Stockport 033B,1438
E01005814,18,Stockport,5.801,29672,10,0.041,Stockport 033C,1328
E01005815,12,Stockport,4.624,30885,10,0.036,Stockport 033D,1473
E01005816,5,Stockport,25.305,10580,4,0.16,Stockport 016B,1607
E01005817,10,Stockport,37.639,4991,2,0.197,Stockport 016C,1349
E01005818,13,Stockport,34.379,6108,2,0.219,Stockport 018B,1426
E01005819,18,Stockport,13.871,20078,7,0.063,Stockport 018C,1549
E01005820,14,Stockport,23.275,11867,4,0.111,Stockport 018D,1453
E01005821,19,Stockport,22.073,12723,4,0.117,Stockport 018E,1490
E01005822,39,Stockport,58.716,1045,1,0.322,Stockport 016D,1515
E01005823,15,Stockport,27.966,9052,3,0.158,Stockport 018F,1632
E01005824,19,Stockport,18.766,15441,5,0.09,Stockport 024A,1472
E01005825,12,Stockport,17.944,16162,5,0.107,Stockport 019A,1518
E01005826,10,Stockport,48.36,2434,1,0.273,Stockport 024B,1449
E01005827,25,Stockport,13.548,20431,7,0.083,Stockport 024C,1401
E01005828,5,Stockport,66.625,426,1,0.383,Stockport 024D,1294
E01005829,4,Stockport,40.21,4209,2,0.202,Stockport 024E,1284
E01005830,18,Stockport,14.696,19234,6,0.083,Stockport 027E,1477
E01005831,13,Stockport,19.321,14989,5,0.086,Stockport 027F,1549
E01005832,23,Stockport,18.409,15775,5,0.088,Stockport 021A,1472
E01005833,14,Stockport,27.443,9330,3,0.13,Stockport 021B,1042
E01005834,11,Stockport,25.998,10197,4,0.17,Stockport 031A,1509
E01005835,15,Stockport,8.143,26897,9,0.043,Stockport 021C,1395
E01005836,12,Stockport,14.858,19058,6,0.087,Stockport 031B,1833
E01005837,21,Stockport,10.72,23634,8,0.068,Stockport 021D,1584
E01005838,20,Stockport,22.954,12085,4,0.133,Stockport 031C,1705
E01005839,11,Stockport,4.77,30737,10,0.033,Stockport 035C,1314
E01005840,38,Stockport,24.554,11037,4,0.132,Stockport 031D,1533
E01005841,15,Stockport,12.229,21912,7,0.075,Stockport 035D,1538
E01005842,21,Stockport,8.429,26524,9,0.041,Stockport 038A,1618
E01005843,8,Stockport,8.363,26606,9,0.047,Stockport 021E,1505
E01005844,12,Stockport,13.785,20173,7,0.08,Stockport 036A,1492
E01005845,20,Stockport,15.616,18335,6,0.084,Stockport 036B,1615
E01005846,10,Stockport,14.117,19829,7,0.105,Stockport 040A,1664
E01005847,15,Stockport,12.327,21800,7,0.08,Stockport 040B,1552
E01005848,22,Stockport,8.433,26515,9,0.039,Stockport 040C,1839
E01005849,21,Stockport,7.848,27251,9,0.063,Stockport 036C,1565
E01005850,15,Stockport,23.356,11805,4,0.15,Stockport 040D,1759
E01005851,22,Stockport,12.3,21831,7,0.079,Stockport 036D,1515
E01005852,30,Stockport,9.724,24855,8,0.079,Stockport 013A,1555
E01005853,26,Stockport,26.765,9720,3,0.181,Stockport 011A,1568
E01005854,40,Stockport,7.607,27553,9,0.035,Stockport 013B,1627
E01005855,12,Stockport,8.615,26278,9,0.044,Stockport 013C,1506
E01005856,20,Stockport,13.231,20810,7,0.072,Stockport 011B,1621
E01005857,23,Stockport,16.471,17495,6,0.137,Stockport 013D,1554
E01005858,16,Stockport,12.302,21827,7,0.066,Stockport 013E,1571
E01005859,36,Stockport,19.573,14743,5,0.096,Stockport 008A,1452
E01005860,20,Stockport,6.808,28551,9,0.044,Stockport 011C,1491
E01005861,20,Stockport,16.087,17861,6,0.094,Stockport 011D,1546
E01005862,17,Stockport,9.041,25739,8,0.067,Stockport 003A,1557
E01005863,22,Stockport,15.497,18451,6,0.07,Stockport 006A,1738
E01005864,42,Stockport,7.341,27890,9,0.035,Stockport 006B,1475
E01005865,27,Stockport,8.964,25835,8,0.046,Stockport 008B,1477
E01005866,34,Stockport,22.044,12743,4,0.104,Stockport 006C,1717
E01005867,29,Stockport,9.219,25508,8,0.059,Stockport 008C,1449
E01005868,20,Stockport,11.697,22526,7,0.079,Stockport 008D,1494
E01005869,27,Stockport,14.037,19911,7,0.098,Stockport 006D,1509
E01005870,9,Stockport,27.489,9302,3,0.121,Stockport 015A,1403
E01005871,17,Stockport,24.436,11108,4,0.124,Stockport 015B,1342
E01005872,14,Stockport,31.925,7108,3,0.142,Stockport 019B,1713
E01005873,17,Stockport,18.581,15604,5,0.098,Stockport 015C,1486
E01005874,31,Stockport,51.441,1959,1,0.294,Stockport 019C,1673
E01005875,12,Stockport,15.17,18741,6,0.075,Stockport 015D,1561
E01005876,14,Stockport,21.249,13365,5,0.113,Stockport 019D,1484
E01005877,25,Stockport,25.84,10286,4,0.147,Stockport 019E,1403
E01005878,11,Stockport,30.736,7679,3,0.194,Stockport 020A,1425
E01005879,9,Stockport,20.82,13685,5,0.134,Stockport 020B,1308
E01005880,16,Stockport,10.1,24385,8,0.055,Stockport 017A,1492
E01005881,18,Stockport,2.817,32324,10,0.026,Stockport 017B,1277
E01005882,12,Stockport,7.507,27684,9,0.046,Stockport 020C,1375
E01005883,29,Stockport,4.876,30624,10,0.026,Stockport 017C,1534
E01005884,18,Stockport,5.387,30131,10,0.02,Stockport 020D,1488
E01005885,23,Stockport,17.269,16749,6,0.083,Stockport 020E,1377
E01005886,16,Stockport,37.422,5071,2,0.204,Stockport 001A,1497
E01005887,11,Stockport,41.657,3825,2,0.255,Stockport 002A,1506
E01005888,7,Stockport,24.385,11137,4,0.17,Stockport 001B,1523
E01005889,26,Stockport,33.386,6512,2,0.194,Stockport 001C,1474
E01005890,17,Stockport,36.662,5321,2,0.237,Stockport 002B,1488
E01005891,6,Stockport,12.361,21760,7,0.06,Stockport 001D,1288
E01005892,11,Stockport,26.09,10130,4,0.139,Stockport 003B,1309
E01005893,18,Stockport,29.143,8439,3,0.153,Stockport 002C,1700
E01005894,7,Stockport,22.372,12488,4,0.126,Stockport 001E,1408
E01005895,9,Stockport,24.264,11207,4,0.162,Stockport 003C,1151
E01005896,14,Stockport,25.194,10649,4,0.148,Stockport 002D,1672
E01005897,10,Stockport,26.67,9779,3,0.166,Stockport 010A,1495
E01005898,12,Stockport,19.537,14780,5,0.114,Stockport 010B,1592
E01005899,23,Stockport,18.461,15729,5,0.109,Stockport 012B,1611
E01005900,16,Stockport,23.883,11444,4,0.138,Stockport 010C,1543
E01005901,8,Stockport,14.919,18998,6,0.078,Stockport 012C,1396
E01005902,17,Stockport,41.501,3857,2,0.24,Stockport 012D,1623
E01005903,30,Stockport,5.426,30094,10,0.024,Stockport 010D,1436
E01005904,21,Stockport,7.275,27967,9,0.042,Stockport 010E,1459
E01005905,17,Stockport,48.658,2382,1,0.254,Stockport 012E,1435
E01005906,11,Stockport,7.773,27332,9,0.042,Stockport 038B,1447
E01005907,12,Stockport,6.672,28692,9,0.049,Stockport 038C,1291
E01005908,29,Stockport,6.415,28969,9,0.02,Stockport 017D,1492
E01005909,30,Stockport,7.147,28135,9,0.046,Stockport 029A,1554
E01005910,31,Stockport,24.508,11059,4,0.168,Stockport 029B,1530
E01005911,14,Stockport,11.595,22648,7,0.058,Stockport 029C,1350
E01005912,28,Stockport,12.066,22096,7,0.057,Stockport 029D,1368
E01005913,24,Stockport,10.235,24223,8,0.072,Stockport 038D,1439
E01005914,18,Stockport,25.868,10271,4,0.133,Stockport 007A,1426
E01005915,43,Stockport,38.625,4688,2,0.235,Stockport 007B,1488
E01005916,27,Stockport,27.81,9142,3,0.15,Stockport 007C,1574
E01005917,29,Stockport,39.18,4513,2,0.247,Stockport 007D,1617
E01005918,20,Stockport,77.101,58,1,0.478,Stockport 014D,1519
E01005919,22,Stockport,48.335,2436,1,0.3,Stockport 002E,1596
E01005920,32,Stockport,13.808,20144,7,0.086,Stockport 003D,1561
E01005921,21,Stockport,33.079,6634,3,0.207,Stockport 003E,1391
E01005922,15,Stockport,19.696,14626,5,0.097,Stockport 003F,1406
E01005923,19,Stockport,2.461,32503,10,0.022,Stockport 041C,1545
E01005924,33,Stockport,2.921,32268,10,0.014,Stockport 042A,1341
E01005925,12,Stockport,5.652,29852,10,0.063,Stockport 042B,1410
E01005926,18,Stockport,6.39,29004,9,0.027,Stockport 042C,1264
E01005927,13,Stockport,4.459,31047,10,0.039,Stockport 032A,1351
E01005928,8,Stockport,25.979,10205,4,0.154,Stockport 032B,1578
E01005929,13,Stockport,3.411,31967,10,0.024,Stockport 032C,1370
E01005930,11,Stockport,2.934,32264,10,0.014,Stockport 032D,1554
E01005931,10,Stockport,4.747,30755,10,0.063,Stockport 041D,1441
E01005932,14,Stockport,3.269,32055,10,0.039,Stockport 042D,1389
E01005933,13,Tameside,52.714,1765,1,0.323,Tameside 006A,1470
E01005934,21,Tameside,28.458,8789,3,0.166,Tameside 006B,1481
E01005935,16,Tameside,64.786,537,1,0.348,Tameside 006C,1473
E01005936,15,Tameside,16.732,17245,6,0.079,Tameside 004A,1488
E01005937,25,Tameside,35.834,5599,2,0.205,Tameside 004B,1522
E01005938,23,Tameside,33.916,6305,2,0.176,Tameside 002A,1640
E01005939,15,Tameside,14.316,19627,6,0.097,Tameside 002B,1307
E01005940,19,Tameside,20.41,14007,5,0.128,Tameside 002C,1487
E01005941,23,Tameside,52.035,1869,1,0.288,Tameside 007A,1668
E01005942,20,Tameside,20.489,13942,5,0.103,Tameside 007B,1659
E01005943,44,Tameside,25.328,10559,4,0.123,Tameside 007C,1801
E01005944,33,Tameside,22.22,12599,4,0.107,Tameside 007D,1469
E01005945,25,Tameside,51.726,1913,1,0.313,Tameside 004C,1998
E01005946,23,Tameside,38.583,4698,2,0.18,Tameside 004D,1654
E01005947,15,Tameside,60.107,912,1,0.311,Tameside 004E,1592
E01005948,152,Tameside,64.673,547,1,0.332,Tameside 013A,1790
E01005949,14,Tameside,38.842,4627,2,0.183,Tameside 006D,1560
E01005950,16,Tameside,40.903,4002,2,0.264,Tameside 013B,1939
E01005951,28,Tameside,38.411,4762,2,0.245,Tameside 013C,1596
E01005952,16,Tameside,71.016,237,1,0.455,Tameside 013D,2187
E01005953,8,Tameside,47.819,2509,1,0.278,Tameside 013E,2056
E01005954,21,Tameside,34.855,5945,2,0.215,Tameside 005A,1494
E01005955,15,Tameside,9.111,25638,8,0.054,Tameside 002D,1711
E01005956,13,Tameside,20.979,13569,5,0.108,Tameside 005B,1417
E01005957,21,Tameside,26,10195,4,0.141,Tameside 005C,1461
E01005958,11,Tameside,39.313,4482,2,0.252,Tameside 005D,1459
E01005959,19,Tameside,45.22,3015,1,0.255,Tameside 005E,1707
E01005960,24,Tameside,43.709,3313,2,0.229,Tameside 006E,1642
E01005961,36,Tameside,16.794,17186,6,0.077,Tameside 014A,1419
E01005962,23,Tameside,19.511,14803,5,0.092,Tameside 014B,1458
E01005963,12,Tameside,18.591,15588,5,0.104,Tameside 019A,1219
E01005964,24,Tameside,20.305,14076,5,0.099,Tameside 019B,1538
E01005965,17,Tameside,40.328,4176,2,0.231,Tameside 019C,1429
E01005966,14,Tameside,33.606,6418,2,0.206,Tameside 019D,1365
E01005967,14,Tameside,45.064,3048,1,0.272,Tameside 019E,1377
E01005968,9,Tameside,18.52,15672,5,0.067,Tameside 014C,1448
E01005969,23,Tameside,17.453,16596,6,0.077,Tameside 014D,1379
E01005970,13,Tameside,15.903,18032,6,0.058,Tameside 021A,1462
E01005971,17,Tameside,24.892,10829,4,0.142,Tameside 025A,1401
E01005972,12,Tameside,35.643,5658,2,0.174,Tameside 021B,1687
E01005973,14,Tameside,17.552,16507,6,0.081,Tameside 026A,1423
E01005974,47,Tameside,40.522,4104,2,0.198,Tameside 021C,1568
E01005975,18,Tameside,31.899,7120,3,0.193,Tameside 021D,1562
E01005976,10,Tameside,39.684,4356,2,0.227,Tameside 026B,1527
E01005977,20,Tameside,20.281,14096,5,0.096,Tameside 026C,1494
E01005978,17,Tameside,37.776,4949,2,0.209,Tameside 026D,1378
E01005979,10,Tameside,26.642,9800,3,0.133,Tameside 029A,1614
E01005980,2,Tameside,36.29,5436,2,0.21,Tameside 029B,1486
E01005981,9,Tameside,44.791,3100,1,0.272,Tameside 029C,1524
E01005982,15,Tameside,36.665,5319,2,0.19,Tameside 029D,1346
E01005983,8,Tameside,12.079,22075,7,0.066,Tameside 029E,1615
E01005984,3,Tameside,46.615,2732,1,0.276,Tameside 029F,1520
E01005985,6,Tameside,14.521,19425,6,0.063,Tameside 024A,1535
E01005986,9,Tameside,27.119,9527,3,0.134,Tameside 025B,1249
E01005987,16,Tameside,14.739,19189,6,0.072,Tameside 024B,1549
E01005988,9,Tameside,10.124,24354,8,0.048,Tameside 024C,1603
E01005989,15,Tameside,13.149,20889,7,0.061,Tameside 025C,1219
E01005990,16,Tameside,15.964,17984,6,0.089,Tameside 024D,1342
E01005991,14,Tameside,22.014,12763,4,0.121,Tameside 024E,1463
E01005992,27,Tameside,32.719,6792,3,0.197,Tameside 025D,1315
E01005993,8,Tameside,19.542,14774,5,0.126,Tameside 010A,1405
E01005994,4,Tameside,26.54,9862,4,0.169,Tameside 011A,1453
E01005995,3,Tameside,11.996,22179,7,0.068,Tameside 010B,1424
E01005996,22,Tameside,24.753,10915,4,0.146,Tameside 010C,1948
E01005997,11,Tameside,28.104,8974,3,0.137,Tameside 010D,1461
E01005998,34,Tameside,32.166,7018,3,0.149,Tameside 012A,1705
E01005999,41,Tameside,41.844,3769,2,0.263,Tameside 011B,1862
E01006000,64,Tameside,47.773,2516,1,0.265,Tameside 010E,1546
E01006001,18,Tameside,24.727,10932,4,0.14,Tameside 012B,1555
E01006002,21,Tameside,27.275,9426,3,0.147,Tameside 011C,1370
E01006003,31,Tameside,28.308,8877,3,0.161,Tameside 012C,1454
E01006004,12,Tameside,20.281,14095,5,0.095,Tameside 011D,1546
E01006005,4,Tameside,49.072,2310,1,0.317,Tameside 011E,1358
E01006006,6,Tameside,20.176,14186,5,0.135,Tameside 012D,1476
E01006007,22,Tameside,31.352,7378,3,0.151,Tameside 011F,1509
E01006008,16,Tameside,20.087,14264,5,0.102,Tameside 017A,1460
E01006009,8,Tameside,27.744,9178,3,0.15,Tameside 016A,1366
E01006010,12,Tameside,41.338,3893,2,0.22,Tameside 017B,1384
E01006011,7,Tameside,47.053,2651,1,0.251,Tameside 018A,1636
E01006012,15,Tameside,26.24,10021,4,0.145,Tameside 017C,1846
E01006013,10,Tameside,21.705,12995,4,0.112,Tameside 018B,1279
E01006014,14,Tameside,31.995,7086,3,0.202,Tameside 018C,1298
E01006015,12,Tameside,11.443,22810,7,0.044,Tameside 017D,1420
E01006016,36,Tameside,61.615,775,1,0.334,Tameside 017E,1766
E01006017,8,Tameside,7.578,27589,9,0.044,Tameside 016B,1417
E01006018,12,Tameside,10.478,23904,8,0.053,Tameside 016C,1364
E01006019,7,Tameside,56.235,1322,1,0.31,Tameside 018D,1510
E01006020,14,Tameside,31.535,7278,3,0.182,Tameside 018E,1555
E01006021,13,Tameside,20.04,14315,5,0.107,Tameside 016D,1365
E01006022,21,Tameside,21.544,13145,5,0.104,Tameside 015A,1624
E01006023,39,Tameside,46.047,2841,1,0.242,Tameside 015B,1547
E01006024,32,Tameside,9.085,25671,8,0.039,Tameside 022A,1808
E01006025,10,Tameside,63.927,593,1,0.36,Tameside 027A,1414
E01006026,38,Tameside,25.717,10357,4,0.136,Tameside 022B,1573
E01006027,18,Tameside,61.871,757,1,0.359,Tameside 027B,1409
E01006028,60,Tameside,53.791,1633,1,0.307,Tameside 028A,1764
E01006029,13,Tameside,37.463,5061,2,0.242,Tameside 028B,1860
E01006030,16,Tameside,39.511,4417,2,0.206,Tameside 028C,1833
E01006031,20,Tameside,48.451,2417,1,0.27,Tameside 020A,1497
E01006032,7,Tameside,41.88,3759,2,0.253,Tameside 020B,1335
E01006033,14,Tameside,39.947,4276,2,0.214,Tameside 020C,1364
E01006034,28,Tameside,34.519,6059,2,0.203,Tameside 020D,2156
E01006035,19,Tameside,31.446,7325,3,0.155,Tameside 020E,1989
E01006036,22,Tameside,38.325,4787,2,0.226,Tameside 020F,1963
E01006037,14,Tameside,10.033,24479,8,0.055,Tameside 022C,1498
E01006038,8,Tameside,17.435,16605,6,0.089,Tameside 022D,1635
E01006039,3,Tameside,35.993,5542,2,0.248,Tameside 028D,1409
E01006040,36,Tameside,47.581,2557,1,0.262,Tameside 028E,1710
E01006041,25,Tameside,30.025,8014,3,0.184,Tameside 028F,1599
E01006042,26,Tameside,15.757,18187,6,0.079,Tameside 030A,1643
E01006043,21,Tameside,27.245,9439,3,0.121,Tameside 030B,1473
E01006044,32,Tameside,24.048,11358,4,0.101,Tameside 030C,1381
E01006045,25,Tameside,11.315,22973,7,0.031,Tameside 030D,1263
E01006046,14,Tameside,12.555,21547,7,0.06,Tameside 030E,1482
E01006047,11,Tameside,25.218,10634,4,0.144,Tameside 023A,1341
E01006048,24,Tameside,16,17948,6,0.083,Tameside 023B,1499
E01006049,9,Tameside,26.134,10096,4,0.138,Tameside 023C,1536
E01006050,11,Tameside,61.926,750,1,0.343,Tameside 027C,1707
E01006051,15,Tameside,18.484,15706,5,0.113,Tameside 023D,1648
E01006052,17,Tameside,53.158,1700,1,0.354,Tameside 027D,1536
E01006053,11,Tameside,12.551,21552,7,0.062,Tameside 001A,1871
E01006054,14,Tameside,38.997,4572,2,0.234,Tameside 001B,1629
E01006055,5,Tameside,17.973,16142,5,0.092,Tameside 001C,1390
E01006056,5,Tameside,50.209,2149,1,0.319,Tameside 003A,1194
E01006057,19,Tameside,13.863,20087,7,0.08,Tameside 001D,1539
E01006058,12,Tameside,21.746,12959,4,0.111,Tameside 001E,1919
E01006059,10,Tameside,13.42,20599,7,0.079,Tameside 001F,1415
E01006060,28,Tameside,52.23,1841,1,0.262,Tameside 008A,1403
E01006061,14,Tameside,30.032,8012,3,0.225,Tameside 003B,2375
E01006062,12,Tameside,5.999,29469,9,0.037,Tameside 003C,2115
E01006063,5,Tameside,14.081,19873,7,0.058,Tameside 003D,1468
E01006064,17,Tameside,53.936,1604,1,0.292,Tameside 008B,1577
E01006065,13,Tameside,44.778,3104,1,0.318,Tameside 008C,1363
E01006066,14,Tameside,38.397,4766,2,0.188,Tameside 008D,1410
E01006067,9,Tameside,10.531,23856,8,0.053,Tameside 009A,1848
E01006068,21,Tameside,34.345,6127,2,0.18,Tameside 009B,1600
E01006069,9,Tameside,42.044,3707,2,0.296,Tameside 009C,1666
E01006070,13,Tameside,19.618,14697,5,0.087,Tameside 015C,1437
E01006071,23,Tameside,9.275,25421,8,0.039,Tameside 015D,1587
E01006072,15,Tameside,3.813,31662,10,0.026,Tameside 015E,1685
E01006073,6,Tameside,35.658,5653,2,0.247,Tameside 009D,1760
E01006074,12,Trafford,19.534,14785,5,0.153,Trafford 025A,1577
E01006075,45,Trafford,6.405,28986,9,0.046,Trafford 025B,1938
E01006076,8,Trafford,7.398,27808,9,0.06,Trafford 025C,1620
E01006077,4,Trafford,11.808,22392,7,0.085,Trafford 027A,1594
E01006078,28,Trafford,10.417,23992,8,0.069,Trafford 024A,1868
E01006079,16,Trafford,4.122,31380,10,0.044,Trafford 025D,2005
E01006080,27,Trafford,7.715,27407,9,0.049,Trafford 024B,1825
E01006081,10,Trafford,3.265,32057,10,0.02,Trafford 027B,1388
E01006082,10,Trafford,2.88,32296,10,0.018,Trafford 027C,1604
E01006083,19,Trafford,3.857,31618,10,0.014,Trafford 026A,1395
E01006084,17,Trafford,4.041,31472,10,0.023,Trafford 026B,1709
E01006085,11,Trafford,2.403,32534,10,0.027,Trafford 027D,1567
E01006086,7,Trafford,8.247,26761,9,0.088,Trafford 027E,1663
E01006087,13,Trafford,11.456,22793,7,0.04,Trafford 025E,1509
E01006088,18,Trafford,8.057,27006,9,0.034,Trafford 026C,1582
E01006089,13,Trafford,11.737,22478,7,0.061,Trafford 024C,1504
E01006090,6,Trafford,9.197,25538,8,0.049,Trafford 020A,1974
E01006091,13,Trafford,7.59,27571,9,0.056,Trafford 019A,2328
E01006092,15,Trafford,31.961,7100,3,0.222,Trafford 019B,1368
E01006093,6,Trafford,4.508,31007,10,0.036,Trafford 023A,1600
E01006094,22,Trafford,6.038,29428,9,0.044,Trafford 020B,1490
E01006095,12,Trafford,8.088,26966,9,0.052,Trafford 019C,1636
E01006096,11,Trafford,3.798,31677,10,0.027,Trafford 020C,1536
E01006097,19,Trafford,5.395,30124,10,0.047,Trafford 015A,1766
E01006098,15,Trafford,3.927,31575,10,0.027,Trafford 014A,1292
E01006099,13,Trafford,11.543,22700,7,0.053,Trafford 014B,1354
E01006100,13,Trafford,9.449,25198,8,0.059,Trafford 020D,1519
E01006101,10,Trafford,4.187,31319,10,0.023,Trafford 021A,1525
E01006102,14,Trafford,10.405,24007,8,0.081,Trafford 018A,1368
E01006103,20,Trafford,3.257,32061,10,0.026,Trafford 020E,1620
E01006104,10,Trafford,31.974,7094,3,0.183,Trafford 017A,1690
E01006105,14,Trafford,50.577,2097,1,0.339,Trafford 017B,1958
E01006106,11,Trafford,31.714,7197,3,0.22,Trafford 017C,1497
E01006107,25,Trafford,40.802,4030,2,0.227,Trafford 017D,1623
E01006108,9,Trafford,65.582,490,1,0.391,Trafford 017E,1693
E01006109,17,Trafford,52.996,1726,1,0.331,Trafford 001A,1457
E01006110,5,Trafford,25.375,10527,4,0.21,Trafford 001B,1790
E01006111,8,Trafford,37.381,5086,2,0.325,Trafford 001C,1737
E01006112,14,Trafford,43.158,3436,2,0.313,Trafford 001D,1724
E01006113,4,Trafford,22.193,12625,4,0.187,Trafford 004A,1528
E01006114,12,Trafford,29.485,8268,3,0.24,Trafford 004B,1671
E01006115,11,Trafford,30.972,7568,3,0.246,Trafford 004C,1587
E01006116,2,Trafford,10.886,23461,8,0.052,Trafford 002A,1352
E01006117,6,Trafford,6.201,29209,9,0.038,Trafford 002B,1670
E01006118,10,Trafford,20.559,13887,5,0.155,Trafford 002C,1449
E01006119,17,Trafford,8.195,26835,9,0.052,Trafford 002D,1610
E01006120,8,Trafford,7.458,27739,9,0.042,Trafford 010A,1428
E01006121,46,Trafford,18.313,15860,5,0.089,Trafford 002E,1554
E01006122,4,Trafford,9.198,25535,8,0.052,Trafford 005A,1551
E01006123,13,Trafford,9.183,25564,8,0.056,Trafford 005B,1694
E01006124,4,Trafford,5.49,30034,10,0.038,Trafford 005C,1470
E01006125,5,Trafford,14.127,19817,7,0.087,Trafford 007A,1488
E01006126,6,Trafford,31.56,7261,3,0.206,Trafford 007B,1664
E01006127,8,Trafford,13.814,20137,7,0.076,Trafford 007C,1624
E01006128,12,Trafford,10.094,24394,8,0.063,Trafford 005D,1777
E01006129,4,Trafford,20.165,14198,5,0.115,Trafford 010B,1365
E01006130,14,Trafford,9.528,25085,8,0.068,Trafford 007D,1782
E01006131,9,Trafford,9.034,25752,8,0.057,Trafford 005E,1570
E01006132,11,Trafford,14.442,19504,6,0.094,Trafford 007E,1565
E01006133,7,Trafford,10.013,24512,8,0.056,Trafford 010C,1448
E01006134,11,Trafford,3.224,32085,10,0.015,Trafford 028A,1526
E01006135,21,Trafford,4.29,31230,10,0.032,Trafford 028B,1634
E01006136,26,Trafford,3.701,31745,10,0.044,Trafford 028C,1550
E01006137,13,Trafford,3.426,31956,10,0.028,Trafford 028D,1433
E01006138,22,Trafford,12.358,21762,7,0.097,Trafford 028E,1742
E01006139,21,Trafford,3.208,32098,10,0.028,Trafford 026D,1721
E01006140,13,Trafford,7.37,27848,9,0.052,Trafford 026E,1695
E01006141,11,Trafford,23.82,11489,4,0.159,Trafford 003A,1615
E01006142,14,Trafford,20.107,14251,5,0.155,Trafford 011A,1660
E01006143,15,Trafford,14.877,19034,6,0.082,Trafford 011B,1666
E01006144,11,Trafford,49.871,2202,1,0.301,Trafford 011C,1449
E01006145,8,Trafford,31.414,7340,3,0.249,Trafford 004D,1805
E01006146,23,Trafford,15.442,18506,6,0.115,Trafford 004E,1899
E01006147,10,Trafford,5.298,30222,10,0.032,Trafford 012A,1414
E01006148,11,Trafford,8.67,26203,8,0.053,Trafford 016A,1625
E01006149,7,Trafford,11.492,22746,7,0.09,Trafford 012B,1483
E01006150,22,Trafford,9.243,25475,8,0.062,Trafford 012C,1542
E01006151,11,Trafford,4.508,31006,10,0.031,Trafford 016B,1509
E01006152,18,Trafford,3.317,32028,10,0.033,Trafford 016C,1629
E01006153,17,Trafford,5.685,29826,10,0.061,Trafford 016D,1565
E01006154,15,Trafford,7.617,27526,9,0.038,Trafford 012D,1511
E01006155,8,Trafford,13.218,20823,7,0.053,Trafford 006A,1610
E01006156,12,Trafford,19.732,14596,5,0.131,Trafford 008A,1598
E01006157,34,Trafford,15.873,18061,6,0.086,Trafford 006B,1559
E01006158,22,Trafford,28.937,8525,3,0.186,Trafford 008B,1652
E01006159,6,Trafford,30.113,7977,3,0.203,Trafford 006C,1811
E01006160,24,Trafford,21.185,13412,5,0.134,Trafford 015B,1756
E01006161,8,Trafford,9.123,25626,8,0.047,Trafford 015C,1961
E01006162,18,Trafford,6.877,28473,9,0.039,Trafford 015D,1621
E01006163,9,Trafford,6.653,28716,9,0.041,Trafford 015E,1807
E01006164,30,Trafford,10.536,23848,8,0.059,Trafford 014C,1650
E01006165,17,Trafford,13.092,20959,7,0.085,Trafford 012E,1930
E01006166,10,Trafford,17.253,16767,6,0.12,Trafford 013A,1572
E01006167,12,Trafford,44.32,3203,1,0.273,Trafford 019D,1636
E01006168,9,Trafford,52.615,1782,1,0.339,Trafford 019E,1936
E01006169,11,Trafford,12.318,21810,7,0.09,Trafford 013B,1631
E01006170,14,Trafford,11.16,23152,8,0.087,Trafford 013C,1555
E01006171,10,Trafford,29.784,8126,3,0.198,Trafford 013D,1796
E01006172,4,Trafford,11.67,22560,7,0.075,Trafford 016E,1522
E01006173,7,Trafford,5.674,29838,10,0.029,Trafford 018B,1525
E01006174,8,Trafford,9.379,25289,8,0.061,Trafford 014D,1739
E01006175,8,Trafford,40.402,4146,2,0.274,Trafford 018C,1599
E01006176,18,Trafford,14.302,19641,6,0.085,Trafford 018D,1788
E01006177,10,Trafford,30.897,7605,3,0.222,Trafford 018E,1660
E01006178,22,Trafford,8.217,26800,9,0.058,Trafford 014E,1824
E01006179,25,Trafford,31.008,7550,3,0.2,Trafford 008C,1729
E01006180,13,Trafford,20.276,14100,5,0.112,Trafford 011D,1855
E01006181,6,Trafford,23.913,11420,4,0.141,Trafford 011E,1665
E01006182,15,Trafford,13.964,19992,7,0.086,Trafford 006D,1534
E01006183,20,Trafford,13.054,20991,7,0.088,Trafford 006E,1652
E01006184,13,Trafford,25.119,10690,4,0.149,Trafford 008D,1681
E01006185,29,Trafford,39.552,4399,2,0.248,Trafford 001E,1986
E01006186,15,Trafford,25.167,10666,4,0.168,Trafford 003B,1912
E01006187,13,Trafford,25.992,10199,4,0.154,Trafford 003C,2556
E01006188,6,Trafford,25.842,10285,4,0.237,Trafford 001F,1558
E01006189,8,Trafford,23.902,11430,4,0.161,Trafford 003D,2251
E01006190,14,Trafford,4.279,31239,10,0.032,Trafford 021B,1692
E01006191,11,Trafford,4.296,31220,10,0.027,Trafford 023B,1658
E01006192,17,Trafford,6.14,29294,9,0.05,Trafford 023C,1532
E01006193,26,Trafford,5.237,30280,10,0.05,Trafford 024D,1523
E01006194,18,Trafford,9.323,25351,8,0.07,Trafford 024E,2365
E01006195,11,Trafford,3.6,31838,10,0.031,Trafford 021C,1768
E01006196,9,Trafford,5.809,29665,10,0.039,Trafford 021D,1788
E01006197,9,Trafford,10.195,24261,8,0.061,Trafford 010D,1532
E01006198,13,Trafford,20.546,13898,5,0.109,Trafford 009A,1542
E01006199,11,Trafford,20.116,14246,5,0.134,Trafford 009B,1574
E01006200,9,Trafford,18.753,15448,5,0.127,Trafford 009C,1432
E01006201,6,Trafford,18.197,15957,5,0.09,Trafford 009D,1497
E01006202,4,Trafford,17.623,16453,6,0.075,Trafford 009E,1356
E01006203,11,Trafford,4.458,31048,10,0.027,Trafford 010E,1416
E01006204,12,Trafford,8.869,25968,8,0.063,Trafford 022A,1609
E01006205,20,Trafford,4.167,31337,10,0.031,Trafford 023D,1384
E01006206,12,Trafford,19.759,14574,5,0.148,Trafford 022B,1882
E01006207,9,Trafford,44.34,3193,1,0.278,Trafford 022C,1613
E01006208,13,Trafford,16.03,17914,6,0.133,Trafford 022D,1627
E01006209,15,Trafford,5.667,29841,10,0.036,Trafford 023E,1579
E01006210,17,Trafford,9.386,25279,8,0.06,Trafford 021E,1658
E01006211,12,Trafford,25.928,10238,4,0.168,Trafford 022E,1534
E01006212,3,Wigan,19.872,14456,5,0.097,Wigan 026A,1392
E01006213,44,Wigan,52.268,1834,1,0.287,Wigan 024A,1634
E01006214,21,Wigan,39.323,4477,2,0.205,Wigan 026B,1386
E01006215,24,Wigan,54.815,1489,1,0.313,Wigan 024B,1674
E01006216,8,Wigan,16.455,17504,6,0.094,Wigan 026C,2211
E01006217,33,Wigan,29.916,8060,3,0.174,Wigan 024C,2350
E01006218,44,Wigan,39.471,4434,2,0.259,Wigan 024D,2077
E01006219,10,Wigan,24.436,11107,4,0.121,Wigan 024E,1296
E01006220,7,Wigan,31.996,7085,3,0.213,Wigan 035A,1842
E01006221,14,Wigan,15.434,18515,6,0.089,Wigan 035B,1648
E01006222,4,Wigan,7.946,27117,9,0.042,Wigan 035C,1579
E01006223,30,Wigan,23.397,11758,4,0.129,Wigan 036A,1610
E01006224,3,Wigan,7.873,27223,9,0.048,Wigan 035D,1580
E01006225,19,Wigan,11.707,22513,7,0.067,Wigan 036B,1511
E01006226,5,Wigan,16.932,17045,6,0.1,Wigan 035E,1755
E01006227,3,Wigan,16.399,17563,6,0.11,Wigan 038A,1552
E01006228,10,Wigan,24.227,11230,4,0.153,Wigan 038B,1740
E01006229,15,Wigan,8.594,26308,9,0.062,Wigan 002A,1524
E01006230,10,Wigan,9.809,24747,8,0.058,Wigan 002B,1419
E01006231,25,Wigan,12.474,21640,7,0.053,Wigan 004A,1473
E01006232,26,Wigan,9.794,24766,8,0.04,Wigan 004B,1851
E01006233,16,Wigan,7.601,27559,9,0.03,Wigan 002C,1490
E01006234,2,Wigan,17.49,16561,6,0.096,Wigan 004C,1229
E01006235,6,Wigan,33.005,6668,3,0.218,Wigan 004D,1518
E01006236,17,Wigan,11.642,22597,7,0.06,Wigan 007A,1482
E01006237,11,Wigan,3.994,31515,10,0.032,Wigan 002D,1579
E01006238,9,Wigan,34.356,6124,2,0.239,Wigan 002E,1527
E01006239,21,Wigan,55.565,1397,1,0.323,Wigan 017A,1972
E01006240,12,Wigan,66.046,458,1,0.406,Wigan 017B,1600
E01006241,22,Wigan,44.002,3257,1,0.257,Wigan 017C,2009
E01006242,14,Wigan,22.267,12555,4,0.113,Wigan 023A,1644
E01006243,12,Wigan,11.129,23185,8,0.05,Wigan 023B,2051
E01006244,16,Wigan,43.301,3398,2,0.221,Wigan 023C,1558
E01006245,11,Wigan,14.546,19401,6,0.093,Wigan 023D,2433
E01006246,17,Wigan,32.663,6810,3,0.183,Wigan 034A,1567
E01006247,14,Wigan,17.714,16385,5,0.084,Wigan 034B,1323
E01006248,48,Wigan,73.622,135,1,0.406,Wigan 031A,1569
E01006249,15,Wigan,46.158,2825,1,0.28,Wigan 031B,1574
E01006250,13,Wigan,7.469,27723,9,0.052,Wigan 029A,1531
E01006251,13,Wigan,12.717,21364,7,0.048,Wigan 029B,1465
E01006252,17,Wigan,11.736,22479,7,0.05,Wigan 034C,1463
E01006253,21,Wigan,33.95,6286,2,0.184,Wigan 005A,1542
E01006254,29,Wigan,41.997,3721,2,0.256,Wigan 005B,1662
E01006255,12,Wigan,14.172,19768,7,0.069,Wigan 005C,1504
E01006256,19,Wigan,20.539,13906,5,0.105,Wigan 005D,1441
E01006257,11,Wigan,14.797,19129,6,0.069,Wigan 008A,1303
E01006258,25,Wigan,19.231,15060,5,0.112,Wigan 008B,1687
E01006259,8,Wigan,14.566,19381,6,0.096,Wigan 003A,1323
E01006260,9,Wigan,32.975,6683,3,0.237,Wigan 005E,1528
E01006261,2,Wigan,22.253,12567,4,0.162,Wigan 036C,1538
E01006262,44,Wigan,39.295,4485,2,0.214,Wigan 032A,1530
E01006263,10,Wigan,9.206,25521,8,0.059,Wigan 032B,1549
E01006264,8,Wigan,5.914,29558,9,0.027,Wigan 036D,1355
E01006265,17,Wigan,21.423,13228,5,0.107,Wigan 036E,1430
E01006266,10,Wigan,14.139,19797,7,0.074,Wigan 032C,1392
E01006267,10,Wigan,45.616,2930,1,0.277,Wigan 032D,1630
E01006268,16,Wigan,18.118,16038,5,0.11,Wigan 032E,1769
E01006269,30,Wigan,23.502,11689,4,0.129,Wigan 013A,1604
E01006270,7,Wigan,44.762,3107,1,0.275,Wigan 016A,1497
E01006271,12,Wigan,16.115,17831,6,0.082,Wigan 013B,1784
E01006272,41,Wigan,27.299,9414,3,0.13,Wigan 013C,1656
E01006273,4,Wigan,30.286,7896,3,0.201,Wigan 013D,1531
E01006274,13,Wigan,38.938,4588,2,0.243,Wigan 016B,1516
E01006275,11,Wigan,55.343,1420,1,0.309,Wigan 016C,1527
E01006276,12,Wigan,15.744,18202,6,0.093,Wigan 013E,2277
E01006277,3,Wigan,7.389,27825,9,0.033,Wigan 016D,1803
E01006278,6,Wigan,24.765,10905,4,0.148,Wigan 019A,1576
E01006279,8,Wigan,10.624,23748,8,0.063,Wigan 019B,1598
E01006280,16,Wigan,28.821,8590,3,0.181,Wigan 019C,1424
E01006281,8,Wigan,10.019,24504,8,0.056,Wigan 019D,1771
E01006282,18,Wigan,33.156,6606,3,0.208,Wigan 027A,1701
E01006283,42,Wigan,50.691,2080,1,0.3,Wigan 027B,1536
E01006284,15,Wigan,36.784,5274,2,0.233,Wigan 027C,1527
E01006285,5,Wigan,10.365,24061,8,0.063,Wigan 019E,1835
E01006286,6,Wigan,22.987,12057,4,0.115,Wigan 016E,1506
E01006287,5,Wigan,12.526,21580,7,0.04,Wigan 017D,1218
E01006288,13,Wigan,45.054,3049,1,0.295,Wigan 025A,1813
E01006289,31,Wigan,55.463,1406,1,0.315,Wigan 017E,1748
E01006290,11,Wigan,11.286,23004,8,0.066,Wigan 022A,1378
E01006291,5,Wigan,29.599,8200,3,0.149,Wigan 022B,1466
E01006292,15,Wigan,18.949,15277,5,0.099,Wigan 022C,1568
E01006293,29,Wigan,28.628,8691,3,0.164,Wigan 022D,1580
E01006294,15,Wigan,24.084,11332,4,0.13,Wigan 025B,1977
E01006295,23,Wigan,35.263,5804,2,0.182,Wigan 025C,1599
E01006296,18,Wigan,49.238,2292,1,0.298,Wigan 037A,1541
E01006297,22,Wigan,39.155,4520,2,0.248,Wigan 034D,1637
E01006298,21,Wigan,38.275,4796,2,0.255,Wigan 037B,1406
E01006299,8,Wigan,11.105,23207,8,0.062,Wigan 037C,1886
E01006300,1,Wigan,5.871,29605,10,0.036,Wigan 037D,1344
E01006301,3,Wigan,5.536,29983,10,0.041,Wigan 037E,1358
E01006302,8,Wigan,11.937,22240,7,0.08,Wigan 040A,1605
E01006303,1,Wigan,12.745,21335,7,0.062,Wigan 040B,1396
E01006304,6,Wigan,15.944,18002,6,0.099,Wigan 040C,1479
E01006305,26,Wigan,47.262,2612,1,0.273,Wigan 012A,1788
E01006306,28,Wigan,56.245,1319,1,0.302,Wigan 009A,1546
E01006307,29,Wigan,40.538,4099,2,0.216,Wigan 009B,1437
E01006308,36,Wigan,43.421,3370,2,0.238,Wigan 012B,1640
E01006309,20,Wigan,40.461,4128,2,0.218,Wigan 012C,1606
E01006310,27,Wigan,42.039,3711,2,0.267,Wigan 012D,1520
E01006311,16,Wigan,35.342,5777,2,0.211,Wigan 012E,1595
E01006312,5,Wigan,6.356,29042,9,0.049,Wigan 003B,1473
E01006313,6,Wigan,30.968,7569,3,0.202,Wigan 003C,1066
E01006314,22,Wigan,7.729,27387,9,0.052,Wigan 003D,1680
E01006315,7,Wigan,8.975,25824,8,0.042,Wigan 001A,1231
E01006316,13,Wigan,8.031,27033,9,0.046,Wigan 001B,1484
E01006317,6,Wigan,12.508,21604,7,0.086,Wigan 001C,1520
E01006318,9,Wigan,9.483,25146,8,0.06,Wigan 003E,1441
E01006319,12,Wigan,7.085,28209,9,0.046,Wigan 001D,1439
E01006320,5,Wigan,8.29,26702,9,0.046,Wigan 003F,1384
E01006321,5,Wigan,5.282,30242,10,0.046,Wigan 003G,1711
E01006322,13,Wigan,35.828,5600,2,0.219,Wigan 026D,1549
E01006323,20,Wigan,42.398,3623,2,0.231,Wigan 033A,1500
E01006324,17,Wigan,44.517,3157,1,0.245,Wigan 033B,1319
E01006325,17,Wigan,31.683,7214,3,0.164,Wigan 033C,1614
E01006326,12,Wigan,48.614,2389,1,0.222,Wigan 033D,1449
E01006327,9,Wigan,56.431,1296,1,0.353,Wigan 033E,1478
E01006328,48,Wigan,47.675,2537,1,0.214,Wigan 030A,1439
E01006329,10,Wigan,38.875,4619,2,0.207,Wigan 026E,1298
E01006330,11,Wigan,11.032,23301,8,0.058,Wigan 031C,1631
E01006331,9,Wigan,7.514,27671,9,0.046,Wigan 031D,1601
E01006332,27,Wigan,24.862,10847,4,0.128,Wigan 031E,2050
E01006333,85,Wigan,44.35,3190,1,0.227,Wigan 030B,1821
E01006334,42,Wigan,55.443,1408,1,0.29,Wigan 030C,1731
E01006335,23,Wigan,27.444,9328,3,0.174,Wigan 034E,1683
E01006336,36,Wigan,60.951,833,1,0.369,Wigan 027D,1624
E01006337,9,Wigan,21.472,13197,5,0.094,Wigan 027E,1510
E01006338,25,Wigan,34.093,6233,2,0.183,Wigan 030D,1589
E01006339,5,Wigan,10.566,23812,8,0.068,Wigan 039A,1374
E01006340,7,Wigan,27.654,9220,3,0.172,Wigan 039B,1457
E01006341,12,Wigan,27.219,9453,3,0.205,Wigan 040D,1645
E01006342,11,Wigan,34.923,5917,2,0.234,Wigan 038C,1568
E01006343,1,Wigan,3.775,31694,10,0.03,Wigan 039C,1756
E01006344,7,Wigan,34.438,6089,2,0.241,Wigan 038D,1479
E01006345,10,Wigan,10.033,24477,8,0.069,Wigan 039D,1581
E01006346,25,Wigan,18.718,15478,5,0.122,Wigan 038E,2139
E01006347,11,Wigan,4.763,30744,10,0.038,Wigan 040E,1578
E01006348,24,Wigan,8.699,26171,8,0.037,Wigan 039E,1603
E01006349,133,Wigan,21.139,13448,5,0.101,Wigan 015A,1770
E01006350,12,Wigan,60.135,908,1,0.363,Wigan 010A,1841
E01006351,19,Wigan,56.128,1339,1,0.358,Wigan 010B,2100
E01006352,40,Wigan,35.67,5649,2,0.189,Wigan 015B,1673
E01006353,24,Wigan,26.815,9692,3,0.149,Wigan 014A,1544
E01006354,23,Wigan,35.529,5699,2,0.206,Wigan 014B,1582
E01006355,13,Wigan,20.366,14035,5,0.096,Wigan 014C,1537
E01006356,6,Wigan,46.751,2700,1,0.254,Wigan 011A,1471
E01006357,30,Wigan,69.187,300,1,0.384,Wigan 010C,1732
E01006358,45,Wigan,32.915,6705,3,0.186,Wigan 014D,1751
E01006359,31,Wigan,36.844,5251,2,0.199,Wigan 014E,1519
E01006360,23,Wigan,56.249,1318,1,0.307,Wigan 010D,1682
E01006361,34,Wigan,53.758,1636,1,0.312,Wigan 010E,1621
E01006362,21,Wigan,9.498,25128,8,0.042,Wigan 018A,1783
E01006363,11,Wigan,11.41,22848,7,0.062,Wigan 018B,1537
E01006364,15,Wigan,17.179,16836,6,0.131,Wigan 018C,1804
E01006365,14,Wigan,7.258,27996,9,0.059,Wigan 018D,2205
E01006366,10,Wigan,19.617,14699,5,0.113,Wigan 018E,1677
E01006367,14,Wigan,5.621,29889,10,0.044,Wigan 018F,1577
E01006368,13,Wigan,10.682,23677,8,0.053,Wigan 018G,1632
E01006369,84,Wigan,51.259,1991,1,0.273,Wigan 008C,1703
E01006370,70,Wigan,29.779,8131,3,0.176,Wigan 006A,1605
E01006371,21,Wigan,20.631,13821,5,0.093,Wigan 008D,1544
E01006372,16,Wigan,4.598,30903,10,0.022,Wigan 006B,1669
E01006373,18,Wigan,7.404,27804,9,0.052,Wigan 006C,1506
E01006374,28,Wigan,7.028,28289,9,0.028,Wigan 006D,1544
E01006375,23,Wigan,19.912,14421,5,0.09,Wigan 008E,1605
E01006376,13,Wigan,28.463,8787,3,0.19,Wigan 028A,1644
E01006377,3,Wigan,6.339,29051,9,0.047,Wigan 025D,1625
E01006378,8,Wigan,10.058,24445,8,0.053,Wigan 025E,1330
E01006379,7,Wigan,12.904,21157,7,0.083,Wigan 029C,1554
E01006380,20,Wigan,33.536,6454,2,0.212,Wigan 029D,1649
E01006381,7,Wigan,4.232,31277,10,0.033,Wigan 028B,1926
E01006382,5,Wigan,5.102,30416,10,0.029,Wigan 028C,1412
E01006383,4,Wigan,10.475,23907,8,0.073,Wigan 028D,1664
E01006384,1,Wigan,8.568,26338,9,0.043,Wigan 028E,1399
E01006385,9,Wigan,6.543,28844,9,0.035,Wigan 029E,1494
E01006386,59,Wigan,75.885,77,1,0.448,Wigan 009C,1522
E01006387,20,Wigan,24.584,11019,4,0.122,Wigan 009D,1320
E01006388,23,Wigan,30.343,7874,3,0.166,Wigan 007B,1692
E01006389,6,Wigan,15.23,18701,6,0.078,Wigan 007C,1400
E01006390,33,Wigan,21.723,12976,4,0.126,Wigan 006E,1537
E01006391,20,Wigan,20.484,13948,5,0.119,Wigan 007D,1588
E01006392,21,Wigan,50.419,2113,1,0.279,Wigan 009E,1503
E01006393,11,Wigan,8.582,26319,9,0.057,Wigan 021A,1488
E01006394,13,Wigan,7.06,28244,9,0.039,Wigan 021B,1561
E01006395,11,Wigan,3.818,31654,10,0.026,Wigan 021C,2515
E01006396,16,Wigan,13.311,20724,7,0.061,Wigan 011B,1473
E01006397,8,Wigan,38.116,4834,2,0.198,Wigan 011C,1136
E01006398,19,Wigan,34.887,5934,2,0.179,Wigan 011D,1084
E01006399,18,Wigan,26.052,10164,4,0.163,Wigan 011E,1538
E01006400,11,Wigan,8.582,26320,9,0.043,Wigan 021D,1346
E01006401,9,Wigan,10.819,23527,8,0.05,Wigan 021E,1468
E01006402,2,Wigan,7.966,27100,9,0.037,Wigan 021F,1203
E01006403,17,Wigan,9.145,25605,8,0.057,Wigan 021G,1708
E01006404,22,Wigan,33.36,6525,2,0.235,Wigan 015C,1656
E01006405,24,Wigan,41.675,3820,2,0.216,Wigan 015D,1374
E01006406,13,Wigan,20.851,13664,5,0.08,Wigan 020A,1461
E01006407,17,Wigan,10.067,24429,8,0.073,Wigan 020B,1507
E01006408,13,Wigan,33.786,6343,2,0.192,Wigan 020C,1545
E01006409,8,Wigan,10.686,23668,8,0.073,Wigan 020D,1381
E01006410,8,Wigan,10.325,24108,8,0.057,Wigan 020E,1402
E01006411,36,Wigan,67.76,356,1,0.371,Wigan 015E,1637
E01032556,23,Oldham,20.982,13566,5,0.096,Oldham 026E,1441
E01032557,20,Oldham,61.526,784,1,0.398,Oldham 026F,1666
E01032558,6,Oldham,52.51,1801,1,0.339,Oldham 007E,1447
E01032559,10,Oldham,23.421,11747,4,0.136,Oldham 007F,2784
E01032684,36,Salford,23.954,11396,4,0.105,Salford 022E,1835
E01032685,25,Salford,5.078,30442,10,0.013,Salford 028E,1517
E01032686,25,Salford,16.306,17648,6,0.023,Salford 028F,1415
E01032687,37,Salford,14.659,19277,6,0.045,Salford 022F,1306
E01032906,30,Salford,37.889,4912,2,0.175,Salford 022G,1260
E01032907,55,Salford,37.671,4982,2,0.22,Salford 022H,1193
E01032909,15,Salford,18.705,15494,5,0.015,Salford 022I,1344
E01032911,19,Salford,21.187,13408,5,0.043,Salford 022J,1170
E01032912,18,Salford,50.391,2121,1,0.301,Salford 028G,1477
E01032914,30,Salford,26.057,10158,4,0.103,Salford 028H,1631
E01032915,12,Salford,49.034,2324,1,0.284,Salford 028I,1559
E01032917,7,Salford,24.807,10880,4,0.106,Salford 028J,1070
E01032919,83,Salford,39.575,4392,2,0.19,Salford 017F,3699
E01032920,44,Oldham,48.564,2399,1,0.255,Oldham 011E,1866
E01032921,35,Oldham,56.555,1275,1,0.334,Oldham 035G,2591
E01032922,12,Oldham,10.22,24241,8,0.075,Oldham 020E,2472
E01033217,90,Bolton,55.325,1423,1,0.322,Bolton 016E,1035
E01033218,11,Bolton,9.732,24841,8,0.061,Bolton 028F,1597
E01033219,11,Bolton,8.556,26351,9,0.035,Bolton 028G,1503
E01033220,44,Bolton,66.09,455,1,0.332,Bolton 016F,1299
E01033258,25,Rochdale,52.776,1754,1,0.359,Rochdale 008G,2979
E01033330,34,Salford,59.775,934,1,0.335,Salford 022K,1394
E01033651,32,Manchester,21.186,13409,5,0.034,Manchester 054B,1153
E01033652,17,Manchester,32.476,6890,3,0.128,Manchester 022F,1615
E01033653,180,Manchester,29.76,8141,3,0.107,Manchester 055B,1665
E01033654,31,Manchester,25.732,10345,4,0.007,Manchester 055C,2962
E01033655,12,Manchester,24.687,10953,4,0.02,Manchester 056B,1193
E01033656,19,Manchester,21.699,12999,4,0.004,Manchester 057B,3492
E01033657,20,Manchester,37.974,4880,2,0.17,Manchester 022G,1557
E01033658,236,Manchester,23.062,12008,4,0.02,Manchester 054C,1300
E01033659,49,Manchester,24.689,10952,4,0.025,Manchester 055D,1331
E01033660,3,Manchester,18.977,15257,5,0.01,Manchester 059B,1165
E01033661,60,Manchester,27.487,9306,3,0.058,Manchester 055E,1148
E01033662,19,Manchester,28.06,8998,3,0.042,Manchester 057C,1332
E01033663,16,Manchester,30.223,7926,3,0.089,Manchester 013E,1184
E01033664,42,Manchester,26.431,9919,4,0.018,Manchester 054D,1118
E01033665,21,Manchester,35.556,5691,2,0.111,Manchester 056C,1210
E01033666,62,Manchester,57.513,1165,1,0.297,Manchester 017F,2640
E01033667,49,Manchester,34.751,5978,2,0.064,Manchester 054E,1004
E01033668,16,Manchester,35.444,5735,2,0.168,Manchester 015F,1134
E01033669,38,Manchester,66.139,450,1,0.362,Manchester 015G,1399
E01033670,12,Manchester,12.181,21961,7,0.02,Manchester 039E,1248
E01033671,27,Manchester,14.034,19915,7,0.033,Manchester 039F,1699
E01033672,20,Manchester,59.569,947,1,0.336,Manchester 059C,1295
E01033673,9,Manchester,16.992,17002,6,0.006,Manchester 059D,1099
E01033674,63,Manchester,45.729,2903,1,0.207,Manchester 058C,2197
E01033675,38,Manchester,33.868,6318,2,0.206,Manchester 058D,2061
E01033676,21,Manchester,70.653,251,1,0.417,Manchester 056D,1670
E01033677,78,Manchester,21.353,13269,5,0.011,Manchester 060A,1166
E01033678,24,Manchester,66.044,459,1,0.37,Manchester 009F,1580
E01033679,13,Manchester,75.863,79,1,0.45,Manchester 009G,1410
E01033680,4,Manchester,29.158,8433,3,0.186,Manchester 028E,1213
E01033681,16,Manchester,13.463,20539,7,0.01,Manchester 060B,1371
E01033682,22,Manchester,15.901,18034,6,0.015,Manchester 060C,1259
E01033683,28,Manchester,28.426,8808,3,0.008,Manchester 060D,1254
E01033684,1,Manchester,17.359,16686,6,0.012,Manchester 013F,1198
E01033685,14,Manchester,24.108,11316,4,0.151,Manchester 003F,1568
E01033686,13,Manchester,36.582,5347,2,0.237,Manchester 028F,1269
E01033687,15,Manchester,44.95,3067,1,0.209,Manchester 003G,1417
E01033688,58,Manchester,70.428,262,1,0.395,Manchester 013G,1509
